[{"pk": 33, "model": "contenttypes.contenttype", "fields": {"model": "formdefinition", "name": "Form", "app_label": "form_designer"}}, {"pk": 13, "model": "contenttypes.contenttype", "fields": {"model": "globalpagepermission", "name": "Page global permission", "app_label": "cms"}}, {"pk": 12, "model": "contenttypes.contenttype", "fields": {"model": "pagemoderatorstate", "name": "Page moderator state", "app_label": "cms"}}, {"pk": 14, "model": "contenttypes.contenttype", "fields": {"model": "pagepermission", "name": "Page permission", "app_label": "cms"}}, {"pk": 11, "model": "contenttypes.contenttype", "fields": {"model": "pagemoderator", "name": "PageModerator", "app_label": "cms"}}, {"pk": 24, "model": "contenttypes.contenttype", "fields": {"model": "snippet", "name": "Snippet", "app_label": "snippet"}}, {"pk": 25, "model": "contenttypes.contenttype", "fields": {"model": "snippetptr", "name": "Snippet", "app_label": "snippet"}}, {"pk": 15, "model": "contenttypes.contenttype", "fields": {"model": "pageuser", "name": "User (page)", "app_label": "cms"}}, {"pk": 16, "model": "contenttypes.contenttype", "fields": {"model": "pageusergroup", "name": "User group (page)", "app_label": "cms"}}, {"pk": 18, "model": "contenttypes.contenttype", "fields": {"model": "cachekey", "name": "cache key", "app_label": "menus"}}, {"pk": 31, "model": "contenttypes.contenttype", "fields": {"model": "category", "name": "category", "app_label": "products"}}, {"pk": 37, "model": "contenttypes.contenttype", "fields": {"model": "cmsformdefinition", "name": "cms form definition", "app_label": "form_designer_form"}}, {"pk": 9, "model": "contenttypes.contenttype", "fields": {"model": "cmsplugin", "name": "cms plugin", "app_label": "cms"}}, {"pk": 4, "model": "contenttypes.contenttype", "fields": {"model": "contenttype", "name": "content type", "app_label": "contenttypes"}}, {"pk": 34, "model": "contenttypes.contenttype", "fields": {"model": "formdefinitionfield", "name": "field", "app_label": "form_designer"}}, {"pk": 23, "model": "contenttypes.contenttype", "fields": {"model": "file", "name": "file", "app_label": "file"}}, {"pk": 35, "model": "contenttypes.contenttype", "fields": {"model": "formlog", "name": "form log", "app_label": "form_designer"}}, {"pk": 36, "model": "contenttypes.contenttype", "fields": {"model": "formvalue", "name": "form value", "app_label": "form_designer"}}, {"pk": 26, "model": "contenttypes.contenttype", "fields": {"model": "googlemap", "name": "google map", "app_label": "googlemap"}}, {"pk": 2, "model": "contenttypes.contenttype", "fields": {"model": "group", "name": "group", "app_label": "auth"}}, {"pk": 32, "model": "contenttypes.contenttype", "fields": {"model": "hello", "name": "hello", "app_label": "guest"}}, {"pk": 22, "model": "contenttypes.contenttype", "fields": {"model": "link", "name": "link", "app_label": "link"}}, {"pk": 7, "model": "contenttypes.contenttype", "fields": {"model": "logentry", "name": "log entry", "app_label": "admin"}}, {"pk": 19, "model": "contenttypes.contenttype", "fields": {"model": "migrationhistory", "name": "migration history", "app_label": "south"}}, {"pk": 10, "model": "contenttypes.contenttype", "fields": {"model": "page", "name": "page", "app_label": "cms"}}, {"pk": 1, "model": "contenttypes.contenttype", "fields": {"model": "permission", "name": "permission", "app_label": "auth"}}, {"pk": 21, "model": "contenttypes.contenttype", "fields": {"model": "picture", "name": "picture", "app_label": "picture"}}, {"pk": 8, "model": "contenttypes.contenttype", "fields": {"model": "placeholder", "name": "placeholder", "app_label": "cms"}}, {"pk": 29, "model": "contenttypes.contenttype", "fields": {"model": "product", "name": "product", "app_label": "products"}}, {"pk": 30, "model": "contenttypes.contenttype", "fields": {"model": "producttype", "name": "product type", "app_label": "products"}}, {"pk": 5, "model": "contenttypes.contenttype", "fields": {"model": "session", "name": "session", "app_label": "sessions"}}, {"pk": 6, "model": "contenttypes.contenttype", "fields": {"model": "site", "name": "site", "app_label": "sites"}}, {"pk": 20, "model": "contenttypes.contenttype", "fields": {"model": "text", "name": "text", "app_label": "text"}}, {"pk": 17, "model": "contenttypes.contenttype", "fields": {"model": "title", "name": "title", "app_label": "cms"}}, {"pk": 3, "model": "contenttypes.contenttype", "fields": {"model": "user", "name": "user", "app_label": "auth"}}, {"pk": 38, "model": "contenttypes.contenttype", "fields": {"model": "yandexmap", "name": "yandex map", "app_label": "cmsplugin_yandexmap"}}, {"pk": "bfad3d8a3ccaed05b4ea70e597173320", "model": "sessions.session", "fields": {"expire_date": "2013-01-25T09:40:14.332", "session_data": "ZWI0MmUwY2RiNWQ0MTc2MzU1YWU3ZTZlOGIyNWIxMTgyMWFiNmEyMTqAAn1xAShVDmNtc19hZG1p\nbl9zaXRlSwFVDV9hdXRoX3VzZXJfaWRLAVUSX2F1dGhfdXNlcl9iYWNrZW5kVSlkamFuZ28uY29u\ndHJpYi5hdXRoLmJhY2tlbmRzLk1vZGVsQmFja2VuZFUIY21zX2VkaXSIVQ9kamFuZ29fbGFuZ3Vh\nZ2VYAgAAAGVucQJ1Lg==\n"}}, {"pk": "515f93cad3feeeceec20607406eba0c1", "model": "sessions.session", "fields": {"expire_date": "2013-02-09T04:37:22.435", "session_data": "ODIxM2ZlMDI2NzU3ZWY3MGFkYjNjMGYxMTJkMTZmNTZmMzg4ZGZjYjqAAn1xAShVEl9hdXRoX3Vz\nZXJfYmFja2VuZHECVSlkamFuZ28uY29udHJpYi5hdXRoLmJhY2tlbmRzLk1vZGVsQmFja2VuZHED\nVQ1fYXV0aF91c2VyX2lkcQRLAXUu\n"}}, {"pk": "bfc84e671caae2b547e6c4bff4013bef", "model": "sessions.session", "fields": {"expire_date": "2013-02-14T10:55:08.487", "session_data": "ZGM3NTZiM2RjZTQzMTU2ZmFmYTI5ZjYwMDM0MzczOTJiNjNhNzFhZTqAAn1xAShVEl9hdXRoX3Vz\nZXJfYmFja2VuZHECVSlkamFuZ28uY29udHJpYi5hdXRoLmJhY2tlbmRzLk1vZGVsQmFja2VuZHED\nVQ9kamFuZ29fbGFuZ3VhZ2VYAgAAAHRyVQ1fYXV0aF91c2VyX2lkcQRLAXUu\n"}}, {"pk": "d75abc56351b5f833a4fa82ff30676f9", "model": "sessions.session", "fields": {"expire_date": "2013-02-18T06:37:07.888", "session_data": "MWExMmFmNWNkYTJiNDIzYWZjYzMyZjM0MTJhODdjNDViNmRlNGVhYzqAAn1xAShVDV9hdXRoX3Vz\nZXJfaWRLAVUSX2F1dGhfdXNlcl9iYWNrZW5kVSlkamFuZ28uY29udHJpYi5hdXRoLmJhY2tlbmRz\nLk1vZGVsQmFja2VuZFUPZGphbmdvX2xhbmd1YWdlcQJYAgAAAHRycQN1Lg==\n"}}, {"pk": "438b9d5f249fabb7e6e14ab505a3c73f", "model": "sessions.session", "fields": {"expire_date": "2013-02-20T06:08:14.716", "session_data": "MzNkNjk1NjI1YzRlMjkxODI0YWMyNTI4YzczNDE1MTdlMzE5MzFmZjqAAn1xAShVDmNtc19hZG1p\nbl9zaXRlSwFVDV9hdXRoX3VzZXJfaWRLAVUJX21lc3NhZ2VzXXECKGNkamFuZ28uY29udHJpYi5t\nZXNzYWdlcy5zdG9yYWdlLmJhc2UKTWVzc2FnZQpxAymBcQR9cQUoVQpleHRyYV90YWdzcQZYAAAA\nAFUHbWVzc2FnZXEHWFYAAAAiWcO8a3NlbCBBdXRvbW90aXZlLCBkZW5leWltbGkgLi4uLiIgaXNp\nbWxpIHRleHQgZWtsZW5kaS4gVGVrcmFyIGTDvHplbmxleWViaWxpcnNpbml6LlUFbGV2ZWxxCEsU\ndWJoAymBcQl9cQooaAZYAAAAAGgHWF0AAAAiWcO8a3NlbCBBdXRvbW90aXZlLCBkZW5leWltbGkg\nLi4uLiIgaXNpbWxpIHRleHQgZGXEn2nFn3RpcmlsZGkuIFRla3JhciBkw7x6ZW5sZXllYmlsaXJz\naW5pei5oCEsUdWJoAymBcQt9cQwoaAZYAAAAAGgHWF0AAAAiWcO8a3NlbCBBdXRvbW90aXZlLCBk\nZW5leWltbGkgLi4uLiIgaXNpbWxpIHRleHQgZGXEn2nFn3RpcmlsZGkuIFRla3JhciBkw7x6ZW5s\nZXllYmlsaXJzaW5pei5oCEsUdWJoAymBcQ19cQ4oaAZYAAAAAGgHWFgAAAAiWcO8a3NlbCBBdXRv\nbW90aXZlIG3DvMWfdGVyaXNpbmUgLi4uIiBpc2ltbGkgdGV4dCBla2xlbmRpLiBUZWtyYXIgZMO8\nemVubGV5ZWJpbGlyc2luaXouaAhLFHViaAMpgXEPfXEQKGgGWAAAAABoB1hDAAAAIjMyIiBpc2lt\nbGkgY21zIHBsdWdpbiBkZcSfacWfdGlyaWxkaS4gVGVrcmFyIGTDvHplbmxleWViaWxpcnNpbml6\nLmgISxR1YmgDKYFxEX1xEihoBlgAAAAAaAdYQwAAACIzMiIgaXNpbWxpIGNtcyBwbHVnaW4gZGXE\nn2nFn3RpcmlsZGkuIFRla3JhciBkw7x6ZW5sZXllYmlsaXJzaW5pei5oCEsUdWJoAymBcRN9cRQo\naAZYAAAAAGgHWEoAAABUaGUgY21zIHBsdWdpbiAiMzMiIHdhcyBjaGFuZ2VkIHN1Y2Nlc3NmdWxs\neS4gWW91IG1heSBlZGl0IGl0IGFnYWluIGJlbG93LmgISxR1YmgDKYFxFX1xFihoBlgAAAAAaAdY\nXQAAAGNtcyBwbHVnaW4gIjM0IiB3dXJkZSBlcmZvbGdyZWljaCBnZcOkbmRlcnQuIERhcyBFbGVt\nZW50IGthbm4gamV0enQgZXJuZXV0IGJlYXJiZWl0ZXQgd2VyZGVuLmgISxR1YmgDKYFxF31xGCho\nBlgAAAAAaAdYOwAAAFRoZSBwcm9kdWN0ICJHw7x6ZWwgYXJhYmEgbW9kZWxpIiB3YXMgY2hhbmdl\nZCBzdWNjZXNzZnVsbHkuaAhLFHViaAMpgXEZfXEaKGgGWAAAAABoB1g5AAAAVGhlIHByb2R1Y3Qg\nIlllbmkgQXJhYmEgTW9kZWxpIiB3YXMgY2hhbmdlZCBzdWNjZXNzZnVsbHkuaAhLFHViaAMpgXEb\nfXEcKGgGWAAAAABoB1g5AAAAVGhlIHByb2R1Y3QgIlllbmkgQXJhYmEgTW9kZWxpIiB3YXMgY2hh\nbmdlZCBzdWNjZXNzZnVsbHkuaAhLFHViaAMpgXEdfXEeKGgGWAAAAABoB1hbAAAAVGhlIGNtcyBm\nb3JtIGRlZmluaXRpb24gImNvbnRhY3QtZm9ybSIgd2FzIGFkZGVkIHN1Y2Nlc3NmdWxseS4gWW91\nIG1heSBlZGl0IGl0IGFnYWluIGJlbG93LmgISxR1YmgDKYFxH31xIChoBlgAAAAAaAdYMQAAAFRo\nZSBGb3JtICJjb250YWN0LWZvcm0iIHdhcyBjaGFuZ2VkIHN1Y2Nlc3NmdWxseS5oCEsUdWJoAymB\ncSF9cSIoaAZYAAAAAGgHWC8AAABUaGFuayB5b3UsIHRoZSBkYXRhIHdhcyBzdWJtaXR0ZWQgc3Vj\nY2Vzc2Z1bGx5LmgISxl1YmgDKYFxI31xJChoBlgAAAAAaAdYagAAACIgKFRha3NpbSBDYWRkZXNp\nIE5vOiA1MyBUYWtzaW0sIDM0MDEwIMSwc3RhbmJ1bCkiIGlzaW1saSBnb29nbGUgbWFwIGVrbGVu\nZGkuIFRla3JhciBkw7x6ZW5sZXllYmlsaXJzaW5pei5oCEsUdWJoAymBcSV9cSYoaAZYAAAAAGgH\nWGkAAAAiIChUYWtzaW0gQ2FkZGVzaSBObzogNTMgVGFrc2ltLCAzNDAxMCBJc3RhbmJ1bCkiIGlz\naW1saSB5YW5kZXggbWFwIGVrbGVuZGkuIFRla3JhciBkw7x6ZW5sZXllYmlsaXJzaW5pei5oCEsU\ndWJoAymBcSd9cSgoaAZYAAAAAGgHWGkAAAAiIChUYWtzaW0gQ2FkZGVzaSBObzogNTMgVGFrc2lt\nLCAzNDAxMCBJc3RhbmJ1bCkiIGlzaW1saSBnb29nbGUgbWFwIGVrbGVuZGkuIFRla3JhciBkw7x6\nZW5sZXllYmlsaXJzaW5pei5oCEsUdWJoAymBcSl9cSooaAZYAAAAAGgHWHAAAAAiIChUYWtzaW0g\nQ2FkZGVzaSBObzogNTMgVGFrc2ltLCAzNDAxMCBJc3RhbmJ1bCkiIGlzaW1saSBnb29nbGUgbWFw\nIGRlxJ9pxZ90aXJpbGRpLiBUZWtyYXIgZMO8emVubGV5ZWJpbGlyc2luaXouaAhLFHViaAMpgXEr\nfXEsKGgGWAAAAABoB1gpAAAAIsSwbGV0acWfaW0iIGlzaW1saSBzYXlmYSBkZcSfacWfdGlyaWxk\naS5oCEsUdWJoAymBcS19cS4oaAZYAAAAAGgHWEAAAAAiSG9tZSIgaXNpbWxpIHNheWZhIGRlxJ9p\nxZ90aXJpbGRpLiBUZWtyYXIgZMO8emVubGV5ZWJpbGlyc2luaXouaAhLFHViaAMpgXEvfXEwKGgG\nWAAAAABoB1gjAAAAIkhvbWUiIGlzaW1saSBzYXlmYSBkZcSfacWfdGlyaWxkaS5oCEsUdWJoAymB\ncTF9cTIoaAZYAAAAAGgHWDEAAABUaGUgcGFnZSAiSGFra8SxbcSxemRhIiB3YXMgY2hhbmdlZCBz\ndWNjZXNzZnVsbHkuaAhLFHViaAMpgXEzfXE0KGgGWAAAAABoB1g7AAAAVGhlIHByb2R1Y3QgIkfD\nvHplbCBhcmFiYSBtb2RlbGkiIHdhcyBjaGFuZ2VkIHN1Y2Nlc3NmdWxseS5oCEsUdWJoAymBcTV9\ncTYoaAZYAAAAAGgHWDUAAABUaGUgY2F0ZWdvcnkgIkZvcmQgVHJhbnNpdCIgd2FzIGNoYW5nZWQg\nc3VjY2Vzc2Z1bGx5LmgISxR1YmVVIHJvc2V0dGFfY2FjaGVfc3RvcmFnZV9rZXlfcHJlZml4VSg3\nOTlmNmUxNjRlNTljNTUxNjZmMGU0ZjE4OWVlZWUwOTg5Njk5NjI1VRJfYXV0aF91c2VyX2JhY2tl\nbmRVKWRqYW5nby5jb250cmliLmF1dGguYmFja2VuZHMuTW9kZWxCYWNrZW5kVQhjbXNfZWRpdIhV\nD2RqYW5nb19sYW5ndWFnZVgCAAAAdHJxN3Uu\n"}}, {"pk": "e893c7f43b02292496667d09e0fed734", "model": "sessions.session", "fields": {"expire_date": "2013-02-22T08:54:10.375", "session_data": "ODc1MDhjOGNjNTA4N2Q2NWE0YmVmMDE1ZGJlNjM1MzU5YzRhMzAwNjqAAn1xAShVDmNtc19hZG1p\nbl9zaXRlSwFVCGNtc19lZGl0iFUNX2F1dGhfdXNlcl9pZEsBVRJfYXV0aF91c2VyX2JhY2tlbmRV\nKWRqYW5nby5jb250cmliLmF1dGguYmFja2VuZHMuTW9kZWxCYWNrZW5kVQlfbWVzc2FnZXNdcQIo\nY2RqYW5nby5jb250cmliLm1lc3NhZ2VzLnN0b3JhZ2UuYmFzZQpNZXNzYWdlCnEDKYFxBH1xBShV\nCmV4dHJhX3RhZ3NxBlgAAAAAVQdtZXNzYWdlcQdYPgAAACI1XzEuanBnIiBpc2ltbGkgcGljdHVy\nZSBla2xlbmRpLiBUZWtyYXIgZMO8emVubGV5ZWJpbGlyc2luaXouVQVsZXZlbHEISxR1YmgDKYFx\nCX1xCihoBlgAAAAAaAdYPgAAACI2XzEuanBnIiBpc2ltbGkgcGljdHVyZSBla2xlbmRpLiBUZWty\nYXIgZMO8emVubGV5ZWJpbGlyc2luaXouaAhLFHViaAMpgXELfXEMKGgGWAAAAABoB1g+AAAAIjdf\nMS5qcGciIGlzaW1saSBwaWN0dXJlIGVrbGVuZGkuIFRla3JhciBkw7x6ZW5sZXllYmlsaXJzaW5p\nei5oCEsUdWJoAymBcQ19cQ4oaAZYAAAAAGgHWF8AAAAiSGFra8SxbcSxemRhWVVLU0VMIGZpcm1h\nc8SxIDE5NjAgLi4uIiBpc2ltbGkgdGV4dCBkZcSfacWfdGlyaWxkaS4gVGVrcmFyIGTDvHplbmxl\neWViaWxpcnNpbml6LmgISxR1YmgDKYFxD31xEChoBlgAAAAAaAdYQQAAACJpbWFnZTEuanBnIiBp\nc2ltbGkgcGljdHVyZSBla2xlbmRpLiBUZWtyYXIgZMO8emVubGV5ZWJpbGlyc2luaXouaAhLFHVi\naAMpgXERfXESKGgGWAAAAABoB1g3AAAAIi4uLiIgaXNpbWxpIHRleHQgZWtsZW5kaS4gVGVrcmFy\nIGTDvHplbmxleWViaWxpcnNpbml6LmgISxR1YmVVD2RqYW5nb19sYW5ndWFnZVgCAAAAdHJxE3Uu\n"}}, {"pk": "4b341b729a87ac08401089c1422c2163", "model": "sessions.session", "fields": {"expire_date": "2013-02-22T08:31:59.705", "session_data": "YWRjNGU2YWU5NjUwMzQ5M2ExY2I4MDQ2NDBiNTc5OTk1NzY0ZTg5ZTqAAn1xAShVDmNtc19hZG1p\nbl9zaXRlSwFVCV9tZXNzYWdlc11xAihjZGphbmdvLmNvbnRyaWIubWVzc2FnZXMuc3RvcmFnZS5i\nYXNlCk1lc3NhZ2UKcQMpgXEEfXEFKFUKZXh0cmFfdGFnc3EGWAAAAABVB21lc3NhZ2VxB1gtAAAA\nIlNFUlTEsEbEsEtBTEFSIiBpc2ltbGkgc2F5ZmEgZGXEn2nFn3RpcmlsZGkuVQVsZXZlbHEISxR1\nYmgDKYFxCX1xCihoBlgAAAAAaAdYGwAAACLEsEsiIGlzaW1saSBzYXlmYSBla2xlbmRpLmgISxR1\nYmgDKYFxC31xDChoBlgAAAAAaAdYPwAAACLEsEsiIGlzaW1saSBzYXlmYSBkZcSfacWfdGlyaWxk\naS4gVGVrcmFyIGTDvHplbmxleWViaWxpcnNpbml6LmgISxR1YmgDKYFxDX1xDihoBlgAAAAAaAdY\nPgAAACJJSyIgaXNpbWxpIHNheWZhIGRlxJ9pxZ90aXJpbGRpLiBUZWtyYXIgZMO8emVubGV5ZWJp\nbGlyc2luaXouaAhLFHViaAMpgXEPfXEQKGgGWAAAAABoB1ghAAAAIklLIiBpc2ltbGkgc2F5ZmEg\nZGXEn2nFn3RpcmlsZGkuaAhLFHViaAMpgXERfXESKGgGWAAAAABoB1hKAAAAIlNFUlTEsEbEsEtB\nTEFSIiBpc2ltbGkgc2F5ZmEgZGXEn2nFn3RpcmlsZGkuIFRla3JhciBkw7x6ZW5sZXllYmlsaXJz\naW5pei5oCEsUdWJoAymBcRN9cRQoaAZYAAAAAGgHWCsAAAAiQ0VSVElGSUNBVEVTIiBpc2ltbGkg\nc2F5ZmEgZGXEn2nFn3RpcmlsZGkuaAhLFHViaAMpgXEVfXEWKGgGWAAAAABoB1hIAAAAIkZBQUzE\nsFlFVExFUiIgaXNpbWxpIHNheWZhIGRlxJ9pxZ90aXJpbGRpLiBUZWtyYXIgZMO8emVubGV5ZWJp\nbGlyc2luaXouaAhLFHViaAMpgXEXfXEYKGgGWAAAAABoB1hIAAAAIkZBQUzEsFlFVExFUiIgaXNp\nbWxpIHNheWZhIGRlxJ9pxZ90aXJpbGRpLiBUZWtyYXIgZMO8emVubGV5ZWJpbGlyc2luaXouaAhL\nFHViaAMpgXEZfXEaKGgGWAAAAABoB1gpAAAAIk9QRVJBVElPTlMiIGlzaW1saSBzYXlmYSBkZcSf\nacWfdGlyaWxkaS5oCEsUdWJoAymBcRt9cRwoaAZYAAAAAGgHWDAAAAAiSUlNUE9SVCBQUk9EVUtU\nRU4iIGlzaW1saSBzYXlmYSBkZcSfacWfdGlyaWxkaS5oCEsUdWJoAymBcR19cR4oaAZYAAAAAGgH\nWF8AAAAiSGFra8SxbcSxemRhWVVLU0VMIGZpcm1hc8SxIDE5NjAgLi4uIiBpc2ltbGkgdGV4dCBk\nZcSfacWfdGlyaWxkaS4gVGVrcmFyIGTDvHplbmxleWViaWxpcnNpbml6LmgISxR1YmgDKYFxH31x\nIChoBlgAAAAAaAdYXwAAACJIYWtrxLFtxLF6ZGFZVUtTRUwgZmlybWFzxLEgMTk2MCAuLi4iIGlz\naW1saSB0ZXh0IGRlxJ9pxZ90aXJpbGRpLiBUZWtyYXIgZMO8emVubGV5ZWJpbGlyc2luaXouaAhL\nFHViaAMpgXEhfXEiKGgGWAAAAABoB1hfAAAAIkhha2vEsW3EsXpkYVlVS1NFTCBmaXJtYXPEsSAx\nOTYwIC4uLiIgaXNpbWxpIHRleHQgZGXEn2nFn3RpcmlsZGkuIFRla3JhciBkw7x6ZW5sZXllYmls\naXJzaW5pei5oCEsUdWJoAymBcSN9cSQoaAZYAAAAAGgHWF8AAAAiSGFra8SxbcSxemRhWVVLU0VM\nIGZpcm1hc8SxIDE5NjAgLi4uIiBpc2ltbGkgdGV4dCBkZcSfacWfdGlyaWxkaS4gVGVrcmFyIGTD\nvHplbmxleWViaWxpcnNpbml6LmgISxR1YmgDKYFxJX1xJihoBlgAAAAAaAdYPQAAACJGxLBSTUEu\nLi4iIGlzaW1saSB0ZXh0IGVrbGVuZGkuIFRla3JhciBkw7x6ZW5sZXllYmlsaXJzaW5pei5oCEsU\ndWJoAymBcSd9cSgoaAZYAAAAAGgHWDcAAAAiLi4uIiBpc2ltbGkgdGV4dCBla2xlbmRpLiBUZWty\nYXIgZMO8emVubGV5ZWJpbGlyc2luaXouaAhLFHViaAMpgXEpfXEqKGgGWAAAAABoB1hEAAAAIkbE\nsFJNQS4uLiIgaXNpbWxpIHRleHQgZGXEn2nFn3RpcmlsZGkuIFRla3JhciBkw7x6ZW5sZXllYmls\naXJzaW5pei5oCEsUdWJoAymBcSt9cSwoaAZYAAAAAGgHWEkAAAAiQURSRVMgOiBUYWtzaW0gLi4u\nLi4uIiBpc2ltbGkgdGV4dCBla2xlbmRpLiBUZWtyYXIgZMO8emVubGV5ZWJpbGlyc2luaXouaAhL\nFHViaAMpgXEtfXEuKGgGWAAAAABoB1hQAAAAIkFEUkVTIDogVGFrc2ltIC4uLi4uLiIgaXNpbWxp\nIHRleHQgZGXEn2nFn3RpcmlsZGkuIFRla3JhciBkw7x6ZW5sZXllYmlsaXJzaW5pei5oCEsUdWJo\nAymBcS99cTAoaAZYAAAAAGgHWFAAAAAiQURSRVMgOiBUYWtzaW0gLi4uLi4uIiBpc2ltbGkgdGV4\ndCBkZcSfacWfdGlyaWxkaS4gVGVrcmFyIGTDvHplbmxleWViaWxpcnNpbml6LmgISxR1YmgDKYFx\nMX1xMihoBlgAAAAAaAdYXwAAACJIYWtrxLFtxLF6ZGFZVUtTRUwgZmlybWFzxLEgMTk2MCAuLi4i\nIGlzaW1saSB0ZXh0IGRlxJ9pxZ90aXJpbGRpLiBUZWtyYXIgZMO8emVubGV5ZWJpbGlyc2luaXou\naAhLFHViZVUNX2F1dGhfdXNlcl9pZEsBVRJfYXV0aF91c2VyX2JhY2tlbmRVKWRqYW5nby5jb250\ncmliLmF1dGguYmFja2VuZHMuTW9kZWxCYWNrZW5kVQhjbXNfZWRpdIhVD2RqYW5nb19sYW5ndWFn\nZVgCAAAAdHJxM3Uu\n"}}, {"pk": "910664d0296d38cd63c58843366ebc81", "model": "sessions.session", "fields": {"expire_date": "2013-02-23T14:21:12.535", "session_data": "ZGU4ZWNlNjZlZjFmZTNmOTNlODY3ZDQyMTYyYTNlNGE0ZmUwYWY2MTqAAn1xAVUPZGphbmdvX2xh\nbmd1YWdlcQJVAnRycQNzLg==\n"}}, {"pk": 1, "model": "sites.site", "fields": {"domain": "example.com", "name": "example.com"}}, {"pk": 1, "model": "products.producttype", "fields": {"slug": "import", "name_en": "Import Products", "name": "Import Products", "name_de": "Import Producten", "name_tr": "\u0130thal \u00dcr\u00fcnler"}}, {"pk": 2, "model": "products.producttype", "fields": {"slug": "pumps", "name_en": "Water Pumps", "name": "Water Pumps", "name_de": "Wasser Pumpen", "name_tr": "Su Pompalar\u0131"}}, {"pk": 2, "model": "products.category", "fields": {"meta_description": null, "rght": 4, "meta_keywords": null, "product_type": 1, "name": "Brake", "parent": null, "level": 0, "meta_description_tr": null, "meta_description_de": null, "meta_keywords_en": null, "lft": 1, "name_de": "Braken", "meta_keywords_tr": null, "meta_keywords_de": null, "name_tr": "Fren Disk ve Sa\u00e7lar\u0131", "tree_id": 1, "position": 1, "name_en": "Brake", "slug": "fren-disk-ve-saclari", "meta_description_en": null}}, {"pk": 4, "model": "products.category", "fields": {"meta_description": null, "rght": 3, "meta_keywords": null, "product_type": 1, "name": "Ford Trucktor", "parent": 2, "level": 1, "meta_description_tr": null, "meta_description_de": null, "meta_keywords_en": null, "lft": 2, "name_de": "Ford Trucktor", "meta_keywords_tr": null, "meta_keywords_de": null, "name_tr": "Ford Trakt\u00f6r", "tree_id": 1, "position": 0, "name_en": "Ford Trucktor", "slug": "ford-trucktor", "meta_description_en": null}}, {"pk": 1, "model": "products.category", "fields": {"meta_description": null, "rght": 8, "meta_keywords": null, "product_type": 1, "name": "Clutch", "parent": null, "level": 0, "meta_description_tr": null, "meta_description_de": null, "meta_keywords_en": null, "lft": 1, "name_de": "Debriyajen", "meta_keywords_tr": null, "meta_keywords_de": null, "name_tr": "Debriyaj Disk ve Bask\u0131lar\u0131", "tree_id": 2, "position": 0, "name_en": "Clutch", "slug": "debriyaj-disk-ve-baskilari", "meta_description_en": null}}, {"pk": 5, "model": "products.category", "fields": {"meta_description": null, "rght": 3, "meta_keywords": null, "product_type": 1, "name": "ISUZU", "parent": 1, "level": 1, "meta_description_tr": null, "meta_description_de": null, "meta_keywords_en": null, "lft": 2, "name_de": "ISUZU", "meta_keywords_tr": null, "meta_keywords_de": null, "name_tr": "ISUZU", "tree_id": 2, "position": 0, "name_en": "ISUZU", "slug": "isuzu", "meta_description_en": null}}, {"pk": 3, "model": "products.category", "fields": {"meta_description": "ford transit", "rght": 5, "meta_keywords": "ford transit", "product_type": 1, "name": "Ford Transit", "parent": 1, "level": 1, "meta_description_tr": "ford transit", "meta_description_de": "ford transit", "meta_keywords_en": "", "lft": 4, "name_de": "Ford Transit", "meta_keywords_tr": "ford transit", "meta_keywords_de": "", "name_tr": "Ford Transit", "tree_id": 2, "position": 0, "name_en": "Ford Transit", "slug": "ford-transit", "meta_description_en": "ford transit"}}, {"pk": 6, "model": "products.category", "fields": {"meta_description": null, "rght": 7, "meta_keywords": null, "product_type": 1, "name": "Mitsubishi", "parent": 1, "level": 1, "meta_description_tr": null, "meta_description_de": null, "meta_keywords_en": null, "lft": 6, "name_de": "Mitsubishi", "meta_keywords_tr": null, "meta_keywords_de": null, "name_tr": "Mitsubishi", "tree_id": 2, "position": 0, "name_en": "Mitsubishi", "slug": "mitsubishi", "meta_description_en": null}}, {"pk": 7, "model": "products.category", "fields": {"meta_description": null, "rght": 6, "meta_keywords": null, "product_type": 2, "name": "KAMYON - TREYLER - OTOB\u00dcS - T\u0130CAR\u0130 - END\u00dcSTR\u0130YEL MOTOR", "parent": null, "level": 0, "meta_description_tr": null, "meta_description_de": null, "meta_keywords_en": null, "lft": 1, "name_de": "KAMYON - TREYLER - OTOB\u00dcS - T\u0130CAR\u0130 - END\u00dcSTR\u0130YEL MOTOR", "meta_keywords_tr": null, "meta_keywords_de": null, "name_tr": "KAMYON - TREYLER - OTOB\u00dcS - T\u0130CAR\u0130 - END\u00dcSTR\u0130YEL MOTOR", "tree_id": 3, "position": 0, "name_en": "KAMYON - TREYLER - OTOB\u00dcS - T\u0130CAR\u0130 - END\u00dcSTR\u0130YEL MOTOR", "slug": "kamyon-treyler-otobus-ticari-endustriyel-m", "meta_description_en": null}}, {"pk": 8, "model": "products.category", "fields": {"meta_description": null, "rght": 3, "meta_keywords": null, "product_type": 2, "name": "BEDFORD", "parent": 7, "level": 1, "meta_description_tr": null, "meta_description_de": null, "meta_keywords_en": null, "lft": 2, "name_de": "BEDFORD", "meta_keywords_tr": null, "meta_keywords_de": null, "name_tr": "BEDFORD", "tree_id": 3, "position": 0, "name_en": "BEDFORD", "slug": "bedford", "meta_description_en": null}}, {"pk": 9, "model": "products.category", "fields": {"meta_description": null, "rght": 5, "meta_keywords": null, "product_type": 2, "name": "CUMMINS", "parent": 7, "level": 1, "meta_description_tr": null, "meta_description_de": null, "meta_keywords_en": null, "lft": 4, "name_de": "CUMMINS", "meta_keywords_tr": null, "meta_keywords_de": null, "name_tr": "CUMMINS", "tree_id": 3, "position": 0, "name_en": "CUMMINS", "slug": "cummins", "meta_description_en": null}}, {"pk": 10, "model": "products.category", "fields": {"meta_description": null, "rght": 4, "meta_keywords": null, "product_type": 2, "name": "TRUCKTOR - HARVESTER", "parent": null, "level": 0, "meta_description_tr": null, "meta_description_de": null, "meta_keywords_en": null, "lft": 1, "name_de": "TRAKT\u00d6R - B\u0130\u00c7ERD\u00d6VER", "meta_keywords_tr": null, "meta_keywords_de": null, "name_tr": "TRAKT\u00d6R - B\u0130\u00c7ERD\u00d6VER", "tree_id": 4, "position": 0, "name_en": "TRUCKTOR - HARVESTER", "slug": "traktor-bicerdover", "meta_description_en": null}}, {"pk": 11, "model": "products.category", "fields": {"meta_description": null, "rght": 3, "meta_keywords": null, "product_type": 2, "name": "ALLIS CHALMERS", "parent": 10, "level": 1, "meta_description_tr": null, "meta_description_de": null, "meta_keywords_en": null, "lft": 2, "name_de": "ALLIS CHALMERS", "meta_keywords_tr": null, "meta_keywords_de": null, "name_tr": "ALLIS CHALMERS", "tree_id": 4, "position": 0, "name_en": "ALLIS CHALMERS", "slug": "allis-chalmers", "meta_description_en": null}}, {"pk": 28, "model": "guest.hello", "fields": {"guest_name": "Arkada\u015f"}}, {"pk": 29, "model": "guest.hello", "fields": {"guest_name": "\u00c7ama\u015f\u0131rc\u0131"}}, {"pk": 1, "model": "cms.placeholder", "fields": {"slot": "main", "default_width": null}}, {"pk": 2, "model": "cms.placeholder", "fields": {"slot": "template_1_content", "default_width": null}}, {"pk": 3, "model": "cms.placeholder", "fields": {"slot": "base_content", "default_width": null}}, {"pk": 4, "model": "cms.placeholder", "fields": {"slot": "template_1_content", "default_width": null}}, {"pk": 5, "model": "cms.placeholder", "fields": {"slot": "base_content", "default_width": null}}, {"pk": 6, "model": "cms.placeholder", "fields": {"slot": "template_2_content", "default_width": null}}, {"pk": 7, "model": "cms.placeholder", "fields": {"slot": "main", "default_width": null}}, {"pk": 8, "model": "cms.placeholder", "fields": {"slot": "template_1_content", "default_width": null}}, {"pk": 9, "model": "cms.placeholder", "fields": {"slot": "base_content", "default_width": null}}, {"pk": 10, "model": "cms.placeholder", "fields": {"slot": "template_1_content", "default_width": null}}, {"pk": 11, "model": "cms.placeholder", "fields": {"slot": "base_content", "default_width": null}}, {"pk": 12, "model": "cms.placeholder", "fields": {"slot": "template_1_content", "default_width": null}}, {"pk": 13, "model": "cms.placeholder", "fields": {"slot": "base_content", "default_width": null}}, {"pk": 14, "model": "cms.placeholder", "fields": {"slot": "template_1_content", "default_width": null}}, {"pk": 15, "model": "cms.placeholder", "fields": {"slot": "base_content", "default_width": null}}, {"pk": 16, "model": "cms.placeholder", "fields": {"slot": "template_2_content", "default_width": null}}, {"pk": 17, "model": "cms.placeholder", "fields": {"slot": "main", "default_width": null}}, {"pk": 18, "model": "cms.placeholder", "fields": {"slot": "content_main_content", "default_width": null}}, {"pk": 19, "model": "cms.placeholder", "fields": {"slot": "content_main_content", "default_width": null}}, {"pk": 20, "model": "cms.placeholder", "fields": {"slot": "content_main_content", "default_width": null}}, {"pk": 21, "model": "cms.placeholder", "fields": {"slot": "content_main_content", "default_width": null}}, {"pk": 22, "model": "cms.placeholder", "fields": {"slot": "base_content", "default_width": null}}, {"pk": 23, "model": "cms.placeholder", "fields": {"slot": "content_main_content", "default_width": null}}, {"pk": 24, "model": "cms.placeholder", "fields": {"slot": "content_left_content", "default_width": null}}, {"pk": 25, "model": "cms.placeholder", "fields": {"slot": "slogan", "default_width": null}}, {"pk": 26, "model": "cms.placeholder", "fields": {"slot": "news_from_yuksel", "default_width": null}}, {"pk": 27, "model": "cms.placeholder", "fields": {"slot": "search", "default_width": null}}, {"pk": 28, "model": "cms.placeholder", "fields": {"slot": "content_main_content", "default_width": null}}, {"pk": 29, "model": "cms.placeholder", "fields": {"slot": "content_main_content", "default_width": null}}, {"pk": 30, "model": "cms.placeholder", "fields": {"slot": "content_main_content", "default_width": null}}, {"pk": 31, "model": "cms.placeholder", "fields": {"slot": "content_main_content", "default_width": null}}, {"pk": 32, "model": "cms.placeholder", "fields": {"slot": "search", "default_width": null}}, {"pk": 33, "model": "cms.placeholder", "fields": {"slot": "search", "default_width": null}}, {"pk": 1, "model": "cms.cmsplugin", "fields": {"rght": 6, "changed_date": "2013-02-11T03:34:29.433", "parent": null, "language": "en", "level": 0, "creation_date": "2013-01-08T05:47:36.758", "lft": 1, "tree_id": 1, "position": 2, "placeholder": 2, "plugin_type": "TextPlugin"}}, {"pk": 8, "model": "cms.cmsplugin", "fields": {"rght": 3, "changed_date": "2013-02-11T03:34:29.722", "parent": 1, "language": "en", "level": 1, "creation_date": "2013-01-29T04:42:34.049", "lft": 2, "tree_id": 1, "position": 0, "placeholder": 2, "plugin_type": "FilePlugin"}}, {"pk": 2, "model": "cms.cmsplugin", "fields": {"rght": 2, "changed_date": "2013-02-11T03:34:29.441", "parent": null, "language": "en", "level": 0, "creation_date": "2013-01-08T05:49:21.744", "lft": 1, "tree_id": 2, "position": 0, "placeholder": 4, "plugin_type": "TextPlugin"}}, {"pk": 3, "model": "cms.cmsplugin", "fields": {"rght": 2, "changed_date": "2013-02-11T03:34:29.445", "parent": null, "language": "en", "level": 0, "creation_date": "2013-01-11T09:40:19.223", "lft": 1, "tree_id": 3, "position": 0, "placeholder": 12, "plugin_type": "TextPlugin"}}, {"pk": 4, "model": "cms.cmsplugin", "fields": {"rght": 2, "changed_date": "2013-02-11T03:34:29.449", "parent": null, "language": "en", "level": 0, "creation_date": "2013-01-11T09:44:36.567", "lft": 1, "tree_id": 4, "position": 1, "placeholder": 12, "plugin_type": "TextPlugin"}}, {"pk": 5, "model": "cms.cmsplugin", "fields": {"rght": 2, "changed_date": "2013-02-11T03:34:29.453", "parent": null, "language": "en", "level": 0, "creation_date": "2013-01-11T09:45:28.081", "lft": 1, "tree_id": 5, "position": 2, "placeholder": 12, "plugin_type": "PicturePlugin"}}, {"pk": 6, "model": "cms.cmsplugin", "fields": {"rght": 2, "changed_date": "2013-02-11T03:34:29.457", "parent": null, "language": "en", "level": 0, "creation_date": "2013-01-11T09:46:18.223", "lft": 1, "tree_id": 6, "position": 3, "placeholder": 12, "plugin_type": "TextPlugin"}}, {"pk": 9, "model": "cms.cmsplugin", "fields": {"rght": 4, "changed_date": "2013-02-11T03:34:29.461", "parent": null, "language": "en", "level": 0, "creation_date": "2013-01-29T07:07:49.547", "lft": 1, "tree_id": 7, "position": 0, "placeholder": 8, "plugin_type": "TextPlugin"}}, {"pk": 10, "model": "cms.cmsplugin", "fields": {"rght": 3, "changed_date": "2013-02-11T03:34:29.465", "parent": 9, "language": "en", "level": 1, "creation_date": "2013-01-29T07:08:06.679", "lft": 2, "tree_id": 7, "position": null, "placeholder": 8, "plugin_type": "PicturePlugin"}}, {"pk": 11, "model": "cms.cmsplugin", "fields": {"rght": 2, "changed_date": "2013-02-11T03:34:29.468", "parent": null, "language": "tr", "level": 0, "creation_date": "2013-01-29T07:10:50.119", "lft": 1, "tree_id": 8, "position": 0, "placeholder": 8, "plugin_type": "TextPlugin"}}, {"pk": 12, "model": "cms.cmsplugin", "fields": {"rght": 2, "changed_date": "2013-02-11T03:34:29.472", "parent": null, "language": "tr", "level": 0, "creation_date": "2013-01-29T07:13:46.091", "lft": 1, "tree_id": 9, "position": 0, "placeholder": 2, "plugin_type": "TextPlugin"}}, {"pk": 13, "model": "cms.cmsplugin", "fields": {"rght": 2, "changed_date": "2013-02-11T03:34:29.476", "parent": null, "language": "de", "level": 0, "creation_date": "2013-01-29T07:14:14.407", "lft": 1, "tree_id": 10, "position": 0, "placeholder": 2, "plugin_type": "TextPlugin"}}, {"pk": 14, "model": "cms.cmsplugin", "fields": {"rght": 2, "changed_date": "2013-02-11T03:34:29.479", "parent": null, "language": "en", "level": 0, "creation_date": "2013-01-29T07:28:12.872", "lft": 1, "tree_id": 11, "position": 2, "placeholder": 2, "plugin_type": "TextPlugin"}}, {"pk": 15, "model": "cms.cmsplugin", "fields": {"rght": 2, "changed_date": "2013-02-11T03:34:29.483", "parent": null, "language": "tr", "level": 0, "creation_date": "2013-01-29T08:01:56.026", "lft": 1, "tree_id": 12, "position": 1, "placeholder": 2, "plugin_type": "TextPlugin"}}, {"pk": 16, "model": "cms.cmsplugin", "fields": {"rght": 50, "changed_date": "2013-02-11T03:34:29.487", "parent": null, "language": "tr", "level": 0, "creation_date": "2013-01-29T09:49:51.796", "lft": 1, "tree_id": 13, "position": 0, "placeholder": 18, "plugin_type": "TextPlugin"}}, {"pk": 68, "model": "cms.cmsplugin", "fields": {"rght": 23, "changed_date": "2013-02-11T03:34:29.490", "parent": 16, "language": "tr", "level": 1, "creation_date": "2013-02-08T08:46:01.145", "lft": 22, "tree_id": 13, "position": 0, "placeholder": 18, "plugin_type": "PicturePlugin"}}, {"pk": 69, "model": "cms.cmsplugin", "fields": {"rght": 25, "changed_date": "2013-02-11T03:34:29.495", "parent": 16, "language": "tr", "level": 1, "creation_date": "2013-02-08T08:46:09.549", "lft": 24, "tree_id": 13, "position": 1, "placeholder": 18, "plugin_type": "PicturePlugin"}}, {"pk": 70, "model": "cms.cmsplugin", "fields": {"rght": 25, "changed_date": "2013-02-11T03:34:29.499", "parent": 16, "language": "tr", "level": 1, "creation_date": "2013-02-08T08:46:17.154", "lft": 24, "tree_id": 13, "position": 2, "placeholder": 18, "plugin_type": "PicturePlugin"}}, {"pk": 71, "model": "cms.cmsplugin", "fields": {"rght": 27, "changed_date": "2013-02-11T03:34:29.503", "parent": 16, "language": "tr", "level": 1, "creation_date": "2013-02-08T08:46:25.862", "lft": 26, "tree_id": 13, "position": 3, "placeholder": 18, "plugin_type": "PicturePlugin"}}, {"pk": 72, "model": "cms.cmsplugin", "fields": {"rght": 27, "changed_date": "2013-02-11T03:34:29.507", "parent": 16, "language": "tr", "level": 1, "creation_date": "2013-02-08T08:46:34.636", "lft": 26, "tree_id": 13, "position": 4, "placeholder": 18, "plugin_type": "PicturePlugin"}}, {"pk": 73, "model": "cms.cmsplugin", "fields": {"rght": 29, "changed_date": "2013-02-11T03:34:29.510", "parent": 16, "language": "tr", "level": 1, "creation_date": "2013-02-08T08:46:43.032", "lft": 28, "tree_id": 13, "position": 5, "placeholder": 18, "plugin_type": "PicturePlugin"}}, {"pk": 74, "model": "cms.cmsplugin", "fields": {"rght": 31, "changed_date": "2013-02-11T03:34:29.514", "parent": 16, "language": "tr", "level": 1, "creation_date": "2013-02-08T08:46:49.712", "lft": 30, "tree_id": 13, "position": 6, "placeholder": 18, "plugin_type": "PicturePlugin"}}, {"pk": 75, "model": "cms.cmsplugin", "fields": {"rght": 31, "changed_date": "2013-02-11T03:34:29.518", "parent": 16, "language": "tr", "level": 1, "creation_date": "2013-02-08T08:47:00.860", "lft": 30, "tree_id": 13, "position": 7, "placeholder": 18, "plugin_type": "PicturePlugin"}}, {"pk": 17, "model": "cms.cmsplugin", "fields": {"rght": 2, "changed_date": "2013-02-11T03:34:29.522", "parent": null, "language": "en", "level": 0, "creation_date": "2013-01-29T09:52:22.917", "lft": 1, "tree_id": 14, "position": 0, "placeholder": 19, "plugin_type": "TextPlugin"}}, {"pk": 18, "model": "cms.cmsplugin", "fields": {"rght": 2, "changed_date": "2013-02-11T03:34:29.525", "parent": null, "language": "tr", "level": 0, "creation_date": "2013-01-29T09:53:12.552", "lft": 1, "tree_id": 15, "position": 0, "placeholder": 19, "plugin_type": "TextPlugin"}}, {"pk": 19, "model": "cms.cmsplugin", "fields": {"rght": 2, "changed_date": "2013-02-11T03:34:29.529", "parent": null, "language": "de", "level": 0, "creation_date": "2013-01-29T09:53:33.231", "lft": 1, "tree_id": 16, "position": 0, "placeholder": 19, "plugin_type": "TextPlugin"}}, {"pk": 20, "model": "cms.cmsplugin", "fields": {"rght": 2, "changed_date": "2013-02-11T03:34:29.533", "parent": null, "language": "en", "level": 0, "creation_date": "2013-01-29T10:18:29.044", "lft": 1, "tree_id": 17, "position": 0, "placeholder": 18, "plugin_type": "TextPlugin"}}, {"pk": 21, "model": "cms.cmsplugin", "fields": {"rght": 2, "changed_date": "2013-02-11T03:34:29.536", "parent": null, "language": "de", "level": 0, "creation_date": "2013-01-29T10:18:56.391", "lft": 1, "tree_id": 18, "position": 0, "placeholder": 18, "plugin_type": "TextPlugin"}}, {"pk": 22, "model": "cms.cmsplugin", "fields": {"rght": 2, "changed_date": "2013-02-11T03:34:29.540", "parent": null, "language": "tr", "level": 0, "creation_date": "2013-01-29T10:21:55.852", "lft": 1, "tree_id": 19, "position": 9, "placeholder": 18, "plugin_type": "TextPlugin"}}, {"pk": 23, "model": "cms.cmsplugin", "fields": {"rght": 2, "changed_date": "2013-02-11T03:34:29.544", "parent": null, "language": "tr", "level": 0, "creation_date": "2013-01-29T10:22:35.812", "lft": 1, "tree_id": 20, "position": 10, "placeholder": 18, "plugin_type": "TextPlugin"}}, {"pk": 24, "model": "cms.cmsplugin", "fields": {"rght": 2, "changed_date": "2013-02-11T03:34:29.548", "parent": null, "language": "tr", "level": 0, "creation_date": "2013-01-29T10:26:20.419", "lft": 1, "tree_id": 21, "position": 11, "placeholder": 18, "plugin_type": "SnippetPlugin"}}, {"pk": 25, "model": "cms.cmsplugin", "fields": {"rght": 2, "changed_date": "2013-02-11T03:34:29.551", "parent": null, "language": "tr", "level": 0, "creation_date": "2013-01-31T04:51:23.342", "lft": 1, "tree_id": 22, "position": 0, "placeholder": 23, "plugin_type": "TextPlugin"}}, {"pk": 26, "model": "cms.cmsplugin", "fields": {"rght": 2, "changed_date": "2013-02-11T03:34:29.555", "parent": null, "language": "tr", "level": 0, "creation_date": "2013-02-02T07:17:31.111", "lft": 1, "tree_id": 23, "position": 0, "placeholder": 24, "plugin_type": "TextPlugin"}}, {"pk": 27, "model": "cms.cmsplugin", "fields": {"rght": 2, "changed_date": "2013-02-11T03:34:29.559", "parent": null, "language": "tr", "level": 0, "creation_date": "2013-02-04T05:53:50.614", "lft": 1, "tree_id": 24, "position": 1, "placeholder": 24, "plugin_type": "HelloPlugin"}}, {"pk": 28, "model": "cms.cmsplugin", "fields": {"rght": 2, "changed_date": "2013-02-11T03:34:29.750", "parent": null, "language": "tr", "level": 0, "creation_date": "2013-02-04T06:03:56.602", "lft": 1, "tree_id": 25, "position": 2, "placeholder": 24, "plugin_type": "HelloPlugin"}}, {"pk": 29, "model": "cms.cmsplugin", "fields": {"rght": 2, "changed_date": "2013-02-11T03:34:29.757", "parent": null, "language": "tr", "level": 0, "creation_date": "2013-02-04T06:16:10.509", "lft": 1, "tree_id": 26, "position": 1, "placeholder": 19, "plugin_type": "HelloPlugin"}}, {"pk": 30, "model": "cms.cmsplugin", "fields": {"rght": 2, "changed_date": "2013-02-11T03:34:29.571", "parent": null, "language": "tr", "level": 0, "creation_date": "2013-02-04T06:55:25.059", "lft": 1, "tree_id": 27, "position": 0, "placeholder": 25, "plugin_type": "TextPlugin"}}, {"pk": 31, "model": "cms.cmsplugin", "fields": {"rght": 2, "changed_date": "2013-02-11T03:34:29.575", "parent": null, "language": "tr", "level": 0, "creation_date": "2013-02-04T07:03:33.579", "lft": 1, "tree_id": 28, "position": 0, "placeholder": 26, "plugin_type": "TextPlugin"}}, {"pk": 32, "model": "cms.cmsplugin", "fields": {"rght": 2, "changed_date": "2013-02-11T03:34:29.578", "parent": null, "language": "tr", "level": 0, "creation_date": "2013-02-04T10:46:00.481", "lft": 1, "tree_id": 29, "position": 0, "placeholder": 27, "plugin_type": "SearchPlugin"}}, {"pk": 33, "model": "cms.cmsplugin", "fields": {"rght": 2, "changed_date": "2013-02-11T03:34:29.582", "parent": null, "language": "en", "level": 0, "creation_date": "2013-02-05T03:46:00.533", "lft": 1, "tree_id": 30, "position": 0, "placeholder": 27, "plugin_type": "SearchPlugin"}}, {"pk": 34, "model": "cms.cmsplugin", "fields": {"rght": 2, "changed_date": "2013-02-11T03:34:29.587", "parent": null, "language": "de", "level": 0, "creation_date": "2013-02-05T03:46:35.450", "lft": 1, "tree_id": 31, "position": 0, "placeholder": 27, "plugin_type": "SearchPlugin"}}, {"pk": 35, "model": "cms.cmsplugin", "fields": {"rght": 2, "changed_date": "2013-02-11T03:34:29.591", "parent": null, "language": "en", "level": 0, "creation_date": "2013-02-05T09:41:19.241", "lft": 1, "tree_id": 32, "position": 0, "placeholder": 23, "plugin_type": "FormDesignerPlugin"}}, {"pk": 37, "model": "cms.cmsplugin", "fields": {"rght": 2, "changed_date": "2013-02-11T03:34:29.740", "parent": null, "language": "tr", "level": 0, "creation_date": "2013-02-06T02:46:15.714", "lft": 1, "tree_id": 34, "position": 2, "placeholder": 23, "plugin_type": "GoogleMapPlugin"}}, {"pk": 38, "model": "cms.cmsplugin", "fields": {"rght": 2, "changed_date": "2013-02-11T03:34:29.599", "parent": null, "language": "en", "level": 0, "creation_date": "2013-02-04T07:03:33.579", "lft": 1, "tree_id": 35, "position": 0, "placeholder": 26, "plugin_type": "TextPlugin"}}, {"pk": 39, "model": "cms.cmsplugin", "fields": {"rght": 2, "changed_date": "2013-02-11T03:34:29.603", "parent": null, "language": "en", "level": 0, "creation_date": "2013-02-04T06:55:25.059", "lft": 1, "tree_id": 36, "position": 0, "placeholder": 25, "plugin_type": "TextPlugin"}}, {"pk": 40, "model": "cms.cmsplugin", "fields": {"rght": 2, "changed_date": "2013-02-11T03:34:29.607", "parent": null, "language": "de", "level": 0, "creation_date": "2013-02-04T07:03:33.579", "lft": 1, "tree_id": 37, "position": 0, "placeholder": 26, "plugin_type": "TextPlugin"}}, {"pk": 41, "model": "cms.cmsplugin", "fields": {"rght": 2, "changed_date": "2013-02-11T03:34:29.610", "parent": null, "language": "de", "level": 0, "creation_date": "2013-02-04T06:55:25.059", "lft": 1, "tree_id": 38, "position": 0, "placeholder": 25, "plugin_type": "TextPlugin"}}, {"pk": 42, "model": "cms.cmsplugin", "fields": {"rght": 2, "changed_date": "2013-02-11T03:34:29.614", "parent": null, "language": "tr", "level": 0, "creation_date": "2013-02-07T10:36:51.385", "lft": 1, "tree_id": 39, "position": 0, "placeholder": 28, "plugin_type": "TextPlugin"}}, {"pk": 43, "model": "cms.cmsplugin", "fields": {"rght": 2, "changed_date": "2013-02-11T03:34:29.618", "parent": null, "language": "tr", "level": 0, "creation_date": "2013-02-07T10:37:20.353", "lft": 1, "tree_id": 40, "position": 1, "placeholder": 28, "plugin_type": "TextPlugin"}}, {"pk": 44, "model": "cms.cmsplugin", "fields": {"rght": 2, "changed_date": "2013-02-11T03:34:29.622", "parent": null, "language": "en", "level": 0, "creation_date": "2013-02-07T10:36:51.385", "lft": 1, "tree_id": 41, "position": 0, "placeholder": 28, "plugin_type": "TextPlugin"}}, {"pk": 45, "model": "cms.cmsplugin", "fields": {"rght": 2, "changed_date": "2013-02-11T03:34:29.627", "parent": null, "language": "en", "level": 0, "creation_date": "2013-02-07T10:37:20.353", "lft": 1, "tree_id": 42, "position": 1, "placeholder": 28, "plugin_type": "TextPlugin"}}, {"pk": 46, "model": "cms.cmsplugin", "fields": {"rght": 2, "changed_date": "2013-02-11T03:34:29.630", "parent": null, "language": "de", "level": 0, "creation_date": "2013-02-07T10:36:51.385", "lft": 1, "tree_id": 43, "position": 0, "placeholder": 28, "plugin_type": "TextPlugin"}}, {"pk": 47, "model": "cms.cmsplugin", "fields": {"rght": 2, "changed_date": "2013-02-11T03:34:29.633", "parent": null, "language": "de", "level": 0, "creation_date": "2013-02-07T10:37:20.353", "lft": 1, "tree_id": 44, "position": 1, "placeholder": 28, "plugin_type": "TextPlugin"}}, {"pk": 48, "model": "cms.cmsplugin", "fields": {"rght": 2, "changed_date": "2013-02-11T03:34:29.637", "parent": null, "language": "de", "level": 0, "creation_date": "2013-02-05T09:41:19.241", "lft": 1, "tree_id": 45, "position": 0, "placeholder": 23, "plugin_type": "FormDesignerPlugin"}}, {"pk": 52, "model": "cms.cmsplugin", "fields": {"rght": 2, "changed_date": "2013-02-11T03:34:29.641", "parent": null, "language": "tr", "level": 0, "creation_date": "2013-02-08T07:20:46.962", "lft": 1, "tree_id": 47, "position": 12, "placeholder": 18, "plugin_type": "TextPlugin"}}, {"pk": 53, "model": "cms.cmsplugin", "fields": {"rght": 4, "changed_date": "2013-02-11T03:34:29.645", "parent": null, "language": "tr", "level": 0, "creation_date": "2013-02-08T07:38:13.642", "lft": 1, "tree_id": 48, "position": 0, "placeholder": 23, "plugin_type": "TextPlugin"}}, {"pk": 76, "model": "cms.cmsplugin", "fields": {"rght": 4, "changed_date": "2013-02-11T03:34:29.649", "parent": null, "language": "tr", "level": 0, "creation_date": "2013-02-08T08:53:58.408", "lft": 1, "tree_id": 49, "position": 0, "placeholder": 30, "plugin_type": "TextPlugin"}}, {"pk": 77, "model": "cms.cmsplugin", "fields": {"rght": 3, "changed_date": "2013-02-11T03:34:29.653", "parent": 76, "language": "tr", "level": 1, "creation_date": "2013-02-08T08:54:02.963", "lft": 2, "tree_id": 49, "position": null, "placeholder": 30, "plugin_type": "PicturePlugin"}}, {"pk": 1, "model": "cms.page", "fields": {"rght": 2, "navigation_extenders": "", "site": 1, "creation_date": "2013-01-08T05:42:44.157", "lft": 1, "in_navigation": true, "reverse_id": null, "login_required": false, "created_by": "admin", "publication_end_date": null, "moderator_state": 0, "template": "content_home.html", "tree_id": 1, "placeholders": [1, 2, 3, 19, 24, 25, 26, 27], "changed_date": "2013-02-08T01:46:20.945", "limit_visibility_in_menu": null, "parent": null, "publisher_state": 1, "soft_root": false, "publication_date": "2013-01-08T05:43:04.179", "publisher_public": null, "level": 0, "changed_by": "admin", "publisher_is_draft": true, "published": true}}, {"pk": 2, "model": "cms.page", "fields": {"rght": 6, "navigation_extenders": "", "site": 1, "creation_date": "2013-01-08T05:49:05.933", "lft": 1, "in_navigation": true, "reverse_id": null, "login_required": false, "created_by": "admin", "publication_end_date": null, "moderator_state": 0, "template": "content_main.html", "tree_id": 2, "placeholders": [4, 5, 6, 7, 18], "changed_date": "2013-02-08T01:52:24.560", "limit_visibility_in_menu": null, "parent": null, "publisher_state": 1, "soft_root": false, "publication_date": "2013-01-08T05:49:11.219", "publisher_public": null, "level": 0, "changed_by": "admin", "publisher_is_draft": true, "published": true}}, {"pk": 3, "model": "cms.page", "fields": {"rght": 3, "navigation_extenders": "", "site": 1, "creation_date": "2013-01-08T06:39:32.782", "lft": 2, "in_navigation": true, "reverse_id": null, "login_required": false, "created_by": "admin", "publication_end_date": null, "moderator_state": 0, "template": "content_main.html", "tree_id": 2, "placeholders": [8, 9, 16, 17], "changed_date": "2013-01-29T09:46:06.183", "limit_visibility_in_menu": null, "parent": 2, "publisher_state": 1, "soft_root": false, "publication_date": "2013-01-08T06:39:49.877", "publisher_public": null, "level": 1, "changed_by": "admin", "publisher_is_draft": true, "published": true}}, {"pk": 4, "model": "cms.page", "fields": {"rght": 5, "navigation_extenders": "", "site": 1, "creation_date": "2013-01-08T06:39:44.447", "lft": 4, "in_navigation": true, "reverse_id": null, "login_required": false, "created_by": "admin", "publication_end_date": null, "moderator_state": 0, "template": "INHERIT", "tree_id": 2, "placeholders": [10, 11], "changed_date": "2013-01-29T09:46:08.521", "limit_visibility_in_menu": null, "parent": 2, "publisher_state": 1, "soft_root": false, "publication_date": "2013-01-08T06:39:50.446", "publisher_public": null, "level": 1, "changed_by": "admin", "publisher_is_draft": true, "published": true}}, {"pk": 7, "model": "cms.page", "fields": {"rght": 2, "navigation_extenders": "", "site": 1, "creation_date": "2013-01-29T10:02:00.400", "lft": 1, "in_navigation": true, "reverse_id": "su-pompalari", "login_required": false, "created_by": "admin", "publication_end_date": null, "moderator_state": 0, "template": "content_product.html", "tree_id": 3, "placeholders": [21, 22], "changed_date": "2013-02-08T01:47:33.647", "limit_visibility_in_menu": null, "parent": null, "publisher_state": 1, "soft_root": false, "publication_date": "2013-01-29T10:02:36.808", "publisher_public": null, "level": 0, "changed_by": "admin", "publisher_is_draft": true, "published": true}}, {"pk": 6, "model": "cms.page", "fields": {"rght": 2, "navigation_extenders": "", "site": 1, "creation_date": "2013-01-08T07:56:06.203", "lft": 1, "in_navigation": true, "reverse_id": "ithal_urunler", "login_required": false, "created_by": "admin", "publication_end_date": null, "moderator_state": 0, "template": "content_product.html", "tree_id": 4, "placeholders": [14, 15, 20], "changed_date": "2013-02-08T06:24:31.174", "limit_visibility_in_menu": null, "parent": null, "publisher_state": 1, "soft_root": false, "publication_date": "2013-01-09T03:50:45.632", "publisher_public": null, "level": 0, "changed_by": "admin", "publisher_is_draft": true, "published": true}}, {"pk": 8, "model": "cms.page", "fields": {"rght": 2, "navigation_extenders": "", "site": 1, "creation_date": "2013-02-07T10:35:31.993", "lft": 1, "in_navigation": true, "reverse_id": null, "login_required": false, "created_by": "admin", "publication_end_date": null, "moderator_state": 0, "template": "content_main.html", "tree_id": 5, "placeholders": [28], "changed_date": "2013-02-08T01:52:35.540", "limit_visibility_in_menu": null, "parent": null, "publisher_state": 1, "soft_root": false, "publication_date": "2013-02-07T10:35:40.559", "publisher_public": null, "level": 0, "changed_by": "admin", "publisher_is_draft": true, "published": true}}, {"pk": 9, "model": "cms.page", "fields": {"rght": 2, "navigation_extenders": "", "site": 1, "creation_date": "2013-02-08T01:51:42.386", "lft": 1, "in_navigation": true, "reverse_id": null, "login_required": false, "created_by": "admin", "publication_end_date": null, "moderator_state": 0, "template": "content_main.html", "tree_id": 6, "placeholders": [29], "changed_date": "2013-02-08T02:00:11.168", "limit_visibility_in_menu": null, "parent": null, "publisher_state": 1, "soft_root": false, "publication_date": "2013-02-08T01:53:12.759", "publisher_public": null, "level": 0, "changed_by": "admin", "publisher_is_draft": true, "published": true}}, {"pk": 10, "model": "cms.page", "fields": {"rght": 2, "navigation_extenders": "", "site": 1, "creation_date": "2013-02-08T01:52:11.334", "lft": 1, "in_navigation": true, "reverse_id": null, "login_required": false, "created_by": "admin", "publication_end_date": null, "moderator_state": 0, "template": "content_main.html", "tree_id": 7, "placeholders": [30], "changed_date": "2013-02-08T01:59:24.578", "limit_visibility_in_menu": null, "parent": null, "publisher_state": 1, "soft_root": false, "publication_date": "2013-02-08T01:53:11.725", "publisher_public": null, "level": 0, "changed_by": "admin", "publisher_is_draft": true, "published": true}}, {"pk": 11, "model": "cms.page", "fields": {"rght": 2, "navigation_extenders": "", "site": 1, "creation_date": "2013-02-08T01:57:24.180", "lft": 1, "in_navigation": true, "reverse_id": null, "login_required": false, "created_by": "admin", "publication_end_date": null, "moderator_state": 0, "template": "content_main.html", "tree_id": 8, "placeholders": [31], "changed_date": "2013-02-08T01:58:09.834", "limit_visibility_in_menu": null, "parent": null, "publisher_state": 1, "soft_root": false, "publication_date": "2013-02-08T01:57:28.697", "publisher_public": null, "level": 0, "changed_by": "admin", "publisher_is_draft": true, "published": true}}, {"pk": 5, "model": "cms.page", "fields": {"rght": 2, "navigation_extenders": "", "site": 1, "creation_date": "2013-01-08T07:10:34.212", "lft": 1, "in_navigation": true, "reverse_id": null, "login_required": false, "created_by": "admin", "publication_end_date": null, "moderator_state": 0, "template": "content_main.html", "tree_id": 9, "placeholders": [12, 13, 23], "changed_date": "2013-02-08T01:52:17.386", "limit_visibility_in_menu": null, "parent": null, "publisher_state": 1, "soft_root": false, "publication_date": "2013-01-08T07:12:50.491", "publisher_public": null, "level": 0, "changed_by": "admin", "publisher_is_draft": true, "published": true}}, {"pk": 1, "model": "cms.title", "fields": {"menu_title": "", "redirect": "", "meta_keywords": "", "page_title": "", "language": "en", "title": "HOME", "has_url_overwrite": false, "application_urls": "", "creation_date": "2013-01-08T05:42:44.166", "page": 1, "path": "", "meta_description": "", "slug": "home"}}, {"pk": 2, "model": "cms.title", "fields": {"menu_title": "", "redirect": "", "meta_keywords": "", "page_title": "", "language": "en", "title": "ABOUT US", "has_url_overwrite": false, "application_urls": "", "creation_date": "2013-01-08T05:49:05.943", "page": 2, "path": "about-us", "meta_description": "", "slug": "about-us"}}, {"pk": 3, "model": "cms.title", "fields": {"menu_title": "", "redirect": "", "meta_keywords": "", "page_title": "", "language": "en", "title": "Who we are", "has_url_overwrite": false, "application_urls": "", "creation_date": "2013-01-08T06:39:32.796", "page": 3, "path": "about-us/who-we-are", "meta_description": "", "slug": "who-we-are"}}, {"pk": 4, "model": "cms.title", "fields": {"menu_title": "", "redirect": "", "meta_keywords": "", "page_title": "", "language": "en", "title": "Company Profile", "has_url_overwrite": false, "application_urls": "", "creation_date": "2013-01-08T06:39:44.460", "page": 4, "path": "about-us/company-profile", "meta_description": "", "slug": "company-profile"}}, {"pk": 5, "model": "cms.title", "fields": {"menu_title": "", "redirect": "", "meta_keywords": "", "page_title": "", "language": "tr", "title": "ANASAYFA", "has_url_overwrite": false, "application_urls": "", "creation_date": "2013-01-08T06:55:17.505", "page": 1, "path": "", "meta_description": "", "slug": "ana-sayfa"}}, {"pk": 6, "model": "cms.title", "fields": {"menu_title": "", "redirect": "", "meta_keywords": "hakk\u0131m\u0131zda, y\u00fcksel", "page_title": "Kurumsal Hakk\u0131m\u0131zda", "language": "tr", "title": "HAKKIMIZDA", "has_url_overwrite": false, "application_urls": "", "creation_date": "2013-01-08T06:55:42.978", "page": 2, "path": "hakkimizda", "meta_description": "Hakk\u0131m\u0131zda sayfas\u0131", "slug": "hakkimizda"}}, {"pk": 7, "model": "cms.title", "fields": {"menu_title": "", "redirect": "", "meta_keywords": "", "page_title": "", "language": "tr", "title": "Biz kimiz", "has_url_overwrite": false, "application_urls": "", "creation_date": "2013-01-08T06:56:03.459", "page": 3, "path": "hakkimizda/biz", "meta_description": "", "slug": "biz"}}, {"pk": 8, "model": "cms.title", "fields": {"menu_title": "", "redirect": "", "meta_keywords": "", "page_title": "", "language": "tr", "title": "\u0130LET\u0130\u015e\u0130M", "has_url_overwrite": false, "application_urls": "", "creation_date": "2013-01-08T07:10:34.221", "page": 5, "path": "iletisim", "meta_description": "", "slug": "iletisim"}}, {"pk": 9, "model": "cms.title", "fields": {"menu_title": "", "redirect": "", "meta_keywords": "", "page_title": "", "language": "en", "title": "CONTACT", "has_url_overwrite": false, "application_urls": "", "creation_date": "2013-01-08T07:10:40.539", "page": 5, "path": "contact", "meta_description": "", "slug": "contact"}}, {"pk": 10, "model": "cms.title", "fields": {"menu_title": "", "redirect": "", "meta_keywords": "", "page_title": "", "language": "en", "title": "IMPORT PRODUCTS", "has_url_overwrite": false, "application_urls": "ProductsApp", "creation_date": "2013-01-08T07:56:06.212", "page": 6, "path": "products", "meta_description": "", "slug": "products"}}, {"pk": 11, "model": "cms.title", "fields": {"menu_title": "", "redirect": "", "meta_keywords": "", "page_title": "", "language": "tr", "title": "\u0130THAL \u00dcR\u00dcNLER", "has_url_overwrite": false, "application_urls": "ProductsApp", "creation_date": "2013-01-08T07:56:15.462", "page": 6, "path": "urunler", "meta_description": "", "slug": "urunler"}}, {"pk": 12, "model": "cms.title", "fields": {"menu_title": "", "redirect": null, "meta_keywords": "", "page_title": "", "language": "tr", "title": "Firma Profili", "has_url_overwrite": false, "application_urls": null, "creation_date": "2013-01-29T07:12:09.992", "page": 4, "path": "hakkimizda/firma-profili", "meta_description": "", "slug": "firma-profili"}}, {"pk": 13, "model": "cms.title", "fields": {"menu_title": "", "redirect": null, "meta_keywords": "", "page_title": "", "language": "de", "title": "Firmen Profilen", "has_url_overwrite": false, "application_urls": null, "creation_date": "2013-01-29T07:12:43.820", "page": 4, "path": "uber-uns/firmen-profilen", "meta_description": "", "slug": "firmen-profilen"}}, {"pk": 14, "model": "cms.title", "fields": {"menu_title": "", "redirect": "", "meta_keywords": "", "page_title": "", "language": "de", "title": "HOME", "has_url_overwrite": false, "application_urls": "", "creation_date": "2013-01-29T07:13:21.137", "page": 1, "path": "", "meta_description": "", "slug": "home"}}, {"pk": 15, "model": "cms.title", "fields": {"menu_title": "", "redirect": "", "meta_keywords": "", "page_title": "", "language": "de", "title": "IMPORT PRODUKTEN", "has_url_overwrite": false, "application_urls": "", "creation_date": "2013-01-29T07:18:41.807", "page": 6, "path": "produkten", "meta_description": "", "slug": "produkten"}}, {"pk": 16, "model": "cms.title", "fields": {"menu_title": "", "redirect": "", "meta_keywords": "", "page_title": "", "language": "de", "title": "\u00dcBER UNS", "has_url_overwrite": false, "application_urls": "", "creation_date": "2013-01-29T07:29:35.046", "page": 2, "path": "uber-uns", "meta_description": "", "slug": "uber-uns"}}, {"pk": 17, "model": "cms.title", "fields": {"menu_title": "", "redirect": "", "meta_keywords": "", "page_title": "", "language": "en", "title": "WATER PUMPS", "has_url_overwrite": false, "application_urls": "ProductsApp", "creation_date": "2013-01-29T10:02:00.420", "page": 7, "path": "water-pumps", "meta_description": "", "slug": "water-pumps"}}, {"pk": 18, "model": "cms.title", "fields": {"menu_title": "", "redirect": "", "meta_keywords": "", "page_title": "", "language": "tr", "title": "SU POMPALARI", "has_url_overwrite": false, "application_urls": "ProductsApp", "creation_date": "2013-01-29T10:02:17.022", "page": 7, "path": "su-pompalari", "meta_description": "", "slug": "su-pompalari"}}, {"pk": 19, "model": "cms.title", "fields": {"menu_title": "", "redirect": "", "meta_keywords": "", "page_title": "", "language": "de", "title": "WASSER PUMPEN", "has_url_overwrite": false, "application_urls": "ProductsApp", "creation_date": "2013-01-29T10:02:25.252", "page": 7, "path": "wasser-pumpen", "meta_description": "", "slug": "wasser-pumpen"}}, {"pk": 20, "model": "cms.title", "fields": {"menu_title": "", "redirect": "", "meta_keywords": "", "page_title": "", "language": "tr", "title": "\u00dcR\u00dcN TALEP FORMU", "has_url_overwrite": false, "application_urls": "", "creation_date": "2013-02-07T10:35:32.010", "page": 8, "path": "request", "meta_description": "", "slug": "request"}}, {"pk": 21, "model": "cms.title", "fields": {"menu_title": "", "redirect": "", "meta_keywords": "", "page_title": "", "language": "en", "title": "REQUEST", "has_url_overwrite": false, "application_urls": "", "creation_date": "2013-02-07T10:35:56.280", "page": 8, "path": "request", "meta_description": "", "slug": "request"}}, {"pk": 22, "model": "cms.title", "fields": {"menu_title": "", "redirect": "", "meta_keywords": "", "page_title": "", "language": "de", "title": "REQUEST", "has_url_overwrite": false, "application_urls": "", "creation_date": "2013-02-07T10:36:00.610", "page": 8, "path": "request", "meta_description": "", "slug": "request"}}, {"pk": 23, "model": "cms.title", "fields": {"menu_title": "", "redirect": "", "meta_keywords": "", "page_title": "", "language": "de", "title": "CONTACT", "has_url_overwrite": false, "application_urls": "", "creation_date": "2013-02-08T01:50:57.245", "page": 5, "path": "contact", "meta_description": "", "slug": "contact"}}, {"pk": 24, "model": "cms.title", "fields": {"menu_title": null, "redirect": null, "meta_keywords": null, "page_title": null, "language": "tr", "title": "FAAL\u0130YETLER", "has_url_overwrite": false, "application_urls": null, "creation_date": "2013-02-08T01:51:42.400", "page": 9, "path": "operations", "meta_description": null, "slug": "operations"}}, {"pk": 25, "model": "cms.title", "fields": {"menu_title": "", "redirect": "", "meta_keywords": "", "page_title": "", "language": "tr", "title": "SERT\u0130F\u0130KALAR", "has_url_overwrite": false, "application_urls": "", "creation_date": "2013-02-08T01:52:11.348", "page": 10, "path": "certificates", "meta_description": "", "slug": "certificates"}}, {"pk": 26, "model": "cms.title", "fields": {"menu_title": null, "redirect": null, "meta_keywords": null, "page_title": null, "language": "tr", "title": "\u0130K", "has_url_overwrite": false, "application_urls": null, "creation_date": "2013-02-08T01:57:24.194", "page": 11, "path": "ik", "meta_description": null, "slug": "ik"}}, {"pk": 27, "model": "cms.title", "fields": {"menu_title": "", "redirect": null, "meta_keywords": "", "page_title": "", "language": "en", "title": "IK", "has_url_overwrite": false, "application_urls": null, "creation_date": "2013-02-08T01:57:55.117", "page": 11, "path": "ik", "meta_description": "", "slug": "ik"}}, {"pk": 28, "model": "cms.title", "fields": {"menu_title": "", "redirect": "", "meta_keywords": "", "page_title": "", "language": "de", "title": "IK", "has_url_overwrite": false, "application_urls": "", "creation_date": "2013-02-08T01:58:02.752", "page": 11, "path": "ik", "meta_description": "", "slug": "ik"}}, {"pk": 29, "model": "cms.title", "fields": {"menu_title": "", "redirect": null, "meta_keywords": "", "page_title": "", "language": "en", "title": "CERTIFICATES", "has_url_overwrite": false, "application_urls": null, "creation_date": "2013-02-08T01:58:47.462", "page": 10, "path": "zertifikate", "meta_description": "", "slug": "zertifikate"}}, {"pk": 30, "model": "cms.title", "fields": {"menu_title": "", "redirect": null, "meta_keywords": "", "page_title": "", "language": "de", "title": "ZERTIFIKATE", "has_url_overwrite": false, "application_urls": null, "creation_date": "2013-02-08T01:59:24.590", "page": 10, "path": "zertifikate", "meta_description": "", "slug": "zertifikate"}}, {"pk": 31, "model": "cms.title", "fields": {"menu_title": "", "redirect": null, "meta_keywords": "", "page_title": "", "language": "de", "title": "OPERATIONS", "has_url_overwrite": false, "application_urls": null, "creation_date": "2013-02-08T01:59:46.812", "page": 9, "path": "operations", "meta_description": "", "slug": "operations"}}, {"pk": 32, "model": "cms.title", "fields": {"menu_title": "", "redirect": "", "meta_keywords": "", "page_title": "", "language": "en", "title": "OPERATIONS", "has_url_overwrite": false, "application_urls": "", "creation_date": "2013-02-08T02:00:10.140", "page": 9, "path": "operations", "meta_description": "", "slug": "operations"}}, {"pk": 1, "model": "south.migrationhistory", "fields": {"applied": "2013-01-08T05:17:15.696", "app_name": "cms", "migration": "0001_initial"}}, {"pk": 2, "model": "south.migrationhistory", "fields": {"applied": "2013-01-08T05:17:15.699", "app_name": "cms", "migration": "0002_auto_start"}}, {"pk": 3, "model": "south.migrationhistory", "fields": {"applied": "2013-01-08T05:17:15.702", "app_name": "cms", "migration": "0003_remove_placeholder"}}, {"pk": 4, "model": "south.migrationhistory", "fields": {"applied": "2013-01-08T05:17:15.705", "app_name": "cms", "migration": "0004_textobjects"}}, {"pk": 5, "model": "south.migrationhistory", "fields": {"applied": "2013-01-08T05:17:15.709", "app_name": "cms", "migration": "0005_mptt_added_to_plugins"}}, {"pk": 6, "model": "south.migrationhistory", "fields": {"applied": "2013-01-08T05:17:15.712", "app_name": "text", "migration": "0001_initial"}}, {"pk": 7, "model": "south.migrationhistory", "fields": {"applied": "2013-01-08T05:17:15.714", "app_name": "text", "migration": "0002_freeze"}}, {"pk": 8, "model": "south.migrationhistory", "fields": {"applied": "2013-01-08T05:17:15.717", "app_name": "cms", "migration": "0006_apphook"}}, {"pk": 9, "model": "south.migrationhistory", "fields": {"applied": "2013-01-08T05:17:15.720", "app_name": "cms", "migration": "0007_apphook_longer"}}, {"pk": 10, "model": "south.migrationhistory", "fields": {"applied": "2013-01-08T05:17:15.724", "app_name": "cms", "migration": "0008_redirects"}}, {"pk": 11, "model": "south.migrationhistory", "fields": {"applied": "2013-01-08T05:17:15.727", "app_name": "cms", "migration": "0009_added_meta_fields"}}, {"pk": 12, "model": "south.migrationhistory", "fields": {"applied": "2013-01-08T05:17:15.730", "app_name": "cms", "migration": "0010_5char_language"}}, {"pk": 13, "model": "south.migrationhistory", "fields": {"applied": "2013-01-08T05:17:15.733", "app_name": "cms", "migration": "0011_title_overwrites"}}, {"pk": 14, "model": "south.migrationhistory", "fields": {"applied": "2013-01-08T05:17:15.736", "app_name": "cms", "migration": "0012_publisher"}}, {"pk": 15, "model": "south.migrationhistory", "fields": {"applied": "2013-01-08T05:17:15.739", "app_name": "text", "migration": "0003_publisher"}}, {"pk": 16, "model": "south.migrationhistory", "fields": {"applied": "2013-01-08T05:17:15.742", "app_name": "snippet", "migration": "0001_initial"}}, {"pk": 17, "model": "south.migrationhistory", "fields": {"applied": "2013-01-08T05:17:15.745", "app_name": "snippet", "migration": "0002_publisher"}}, {"pk": 18, "model": "south.migrationhistory", "fields": {"applied": "2013-01-08T05:17:15.749", "app_name": "picture", "migration": "0001_initial"}}, {"pk": 19, "model": "south.migrationhistory", "fields": {"applied": "2013-01-08T05:17:15.753", "app_name": "picture", "migration": "0002_link_rename"}}, {"pk": 20, "model": "south.migrationhistory", "fields": {"applied": "2013-01-08T05:17:15.757", "app_name": "picture", "migration": "0003_freeze"}}, {"pk": 21, "model": "south.migrationhistory", "fields": {"applied": "2013-01-08T05:17:15.761", "app_name": "picture", "migration": "0004_publisher"}}, {"pk": 22, "model": "south.migrationhistory", "fields": {"applied": "2013-01-08T05:17:15.764", "app_name": "link", "migration": "0001_initial"}}, {"pk": 23, "model": "south.migrationhistory", "fields": {"applied": "2013-01-08T05:17:15.767", "app_name": "link", "migration": "0002_link_rename"}}, {"pk": 24, "model": "south.migrationhistory", "fields": {"applied": "2013-01-08T05:17:15.770", "app_name": "link", "migration": "0003_page_link"}}, {"pk": 25, "model": "south.migrationhistory", "fields": {"applied": "2013-01-08T05:17:15.773", "app_name": "link", "migration": "0004_larger_link_names"}}, {"pk": 26, "model": "south.migrationhistory", "fields": {"applied": "2013-01-08T05:17:15.777", "app_name": "link", "migration": "0005_publisher"}}, {"pk": 27, "model": "south.migrationhistory", "fields": {"applied": "2013-01-08T05:17:15.780", "app_name": "googlemap", "migration": "0001_initial"}}, {"pk": 28, "model": "south.migrationhistory", "fields": {"applied": "2013-01-08T05:17:15.783", "app_name": "file", "migration": "0001_initial"}}, {"pk": 29, "model": "south.migrationhistory", "fields": {"applied": "2013-01-08T05:17:15.786", "app_name": "file", "migration": "0002_freeze"}}, {"pk": 30, "model": "south.migrationhistory", "fields": {"applied": "2013-01-08T05:17:15.788", "app_name": "file", "migration": "0003_publisher"}}, {"pk": 31, "model": "south.migrationhistory", "fields": {"applied": "2013-01-08T05:17:15.791", "app_name": "cms", "migration": "0013_site_copy"}}, {"pk": 32, "model": "south.migrationhistory", "fields": {"applied": "2013-01-08T05:17:15.794", "app_name": "cms", "migration": "0014_sites_removed"}}, {"pk": 33, "model": "south.migrationhistory", "fields": {"applied": "2013-01-08T05:17:15.797", "app_name": "cms", "migration": "0015_modified_by_added"}}, {"pk": 34, "model": "south.migrationhistory", "fields": {"applied": "2013-01-08T05:17:15.800", "app_name": "cms", "migration": "0016_author_copy"}}, {"pk": 35, "model": "south.migrationhistory", "fields": {"applied": "2013-01-08T05:17:15.803", "app_name": "cms", "migration": "0017_author_removed"}}, {"pk": 36, "model": "south.migrationhistory", "fields": {"applied": "2013-01-08T05:17:15.806", "app_name": "cms", "migration": "0018_site_permissions"}}, {"pk": 37, "model": "south.migrationhistory", "fields": {"applied": "2013-01-08T05:17:15.809", "app_name": "cms", "migration": "0019_public_table_renames"}}, {"pk": 38, "model": "south.migrationhistory", "fields": {"applied": "2013-01-08T05:17:15.811", "app_name": "text", "migration": "0004_table_rename"}}, {"pk": 39, "model": "south.migrationhistory", "fields": {"applied": "2013-01-08T05:17:15.814", "app_name": "text", "migration": "0005_publisher2"}}, {"pk": 40, "model": "south.migrationhistory", "fields": {"applied": "2013-01-08T05:17:15.817", "app_name": "snippet", "migration": "0003_table_rename"}}, {"pk": 41, "model": "south.migrationhistory", "fields": {"applied": "2013-01-08T05:17:15.820", "app_name": "snippet", "migration": "0004_publisher2"}}, {"pk": 42, "model": "south.migrationhistory", "fields": {"applied": "2013-01-08T05:17:15.824", "app_name": "picture", "migration": "0005_table_rename"}}, {"pk": 43, "model": "south.migrationhistory", "fields": {"applied": "2013-01-08T05:17:15.828", "app_name": "picture", "migration": "0006_float_added"}}, {"pk": 44, "model": "south.migrationhistory", "fields": {"applied": "2013-01-08T05:17:15.830", "app_name": "picture", "migration": "0007_publisher2"}}, {"pk": 45, "model": "south.migrationhistory", "fields": {"applied": "2013-01-08T05:17:15.833", "app_name": "link", "migration": "0006_table_rename"}}, {"pk": 46, "model": "south.migrationhistory", "fields": {"applied": "2013-01-08T05:17:15.836", "app_name": "link", "migration": "0007_publisher2"}}, {"pk": 47, "model": "south.migrationhistory", "fields": {"applied": "2013-01-08T05:17:15.840", "app_name": "googlemap", "migration": "0002_table_rename"}}, {"pk": 48, "model": "south.migrationhistory", "fields": {"applied": "2013-01-08T05:17:15.843", "app_name": "googlemap", "migration": "0003_address_unified"}}, {"pk": 49, "model": "south.migrationhistory", "fields": {"applied": "2013-01-08T05:17:15.846", "app_name": "googlemap", "migration": "0004_copy_address"}}, {"pk": 50, "model": "south.migrationhistory", "fields": {"applied": "2013-01-08T05:17:15.850", "app_name": "googlemap", "migration": "0005_delete_street"}}, {"pk": 51, "model": "south.migrationhistory", "fields": {"applied": "2013-01-08T05:17:15.853", "app_name": "googlemap", "migration": "0006_publisher2"}}, {"pk": 52, "model": "south.migrationhistory", "fields": {"applied": "2013-01-08T05:17:15.856", "app_name": "file", "migration": "0004_table_rename"}}, {"pk": 53, "model": "south.migrationhistory", "fields": {"applied": "2013-01-08T05:17:15.858", "app_name": "file", "migration": "0005_publisher2"}}, {"pk": 54, "model": "south.migrationhistory", "fields": {"applied": "2013-01-08T05:17:15.861", "app_name": "cms", "migration": "0020_advanced_permissions"}}, {"pk": 55, "model": "south.migrationhistory", "fields": {"applied": "2013-01-08T05:17:15.864", "app_name": "cms", "migration": "0021_publisher2"}}, {"pk": 56, "model": "south.migrationhistory", "fields": {"applied": "2013-01-08T05:17:15.867", "app_name": "cms", "migration": "0022_login_required_added"}}, {"pk": 57, "model": "south.migrationhistory", "fields": {"applied": "2013-01-08T05:17:15.870", "app_name": "cms", "migration": "0023_plugin_table_naming_function_changed"}}, {"pk": 58, "model": "south.migrationhistory", "fields": {"applied": "2013-01-08T05:17:15.874", "app_name": "cms", "migration": "0024_added_placeholder_model"}}, {"pk": 59, "model": "south.migrationhistory", "fields": {"applied": "2013-01-08T05:17:15.877", "app_name": "cms", "migration": "0025_placeholder_migration"}}, {"pk": 60, "model": "south.migrationhistory", "fields": {"applied": "2013-01-08T05:17:15.881", "app_name": "cms", "migration": "0026_finish_placeholder_migration"}}, {"pk": 61, "model": "south.migrationhistory", "fields": {"applied": "2013-01-08T05:17:15.884", "app_name": "cms", "migration": "0027_added_width_to_placeholder"}}, {"pk": 62, "model": "south.migrationhistory", "fields": {"applied": "2013-01-08T05:17:15.887", "app_name": "cms", "migration": "0028_limit_visibility_in_menu_step1of3"}}, {"pk": 63, "model": "south.migrationhistory", "fields": {"applied": "2013-01-08T05:17:15.890", "app_name": "cms", "migration": "0029_limit_visibility_in_menu_step2of3_data"}}, {"pk": 64, "model": "south.migrationhistory", "fields": {"applied": "2013-01-08T05:17:15.894", "app_name": "cms", "migration": "0030_limit_visibility_in_menu_step3of3"}}, {"pk": 65, "model": "south.migrationhistory", "fields": {"applied": "2013-01-08T05:17:15.897", "app_name": "cms", "migration": "0031_improved_language_code_support"}}, {"pk": 66, "model": "south.migrationhistory", "fields": {"applied": "2013-01-08T05:17:15.900", "app_name": "cms", "migration": "0032_auto__del_field_cmsplugin_publisher_public__del_field_cmsplugin_publis"}}, {"pk": 67, "model": "south.migrationhistory", "fields": {"applied": "2013-01-08T05:17:15.903", "app_name": "cms", "migration": "0033_auto__del_field_title_publisher_is_draft__del_field_title_publisher_st"}}, {"pk": 68, "model": "south.migrationhistory", "fields": {"applied": "2013-01-08T05:17:15.905", "app_name": "cms", "migration": "0034_auto__chg_field_title_language__chg_field_cmsplugin_language__add_fiel"}}, {"pk": 69, "model": "south.migrationhistory", "fields": {"applied": "2013-01-08T05:17:15.909", "app_name": "cms", "migration": "0035_auto__add_field_globalpagepermission_can_view__add_field_pagepermissio"}}, {"pk": 70, "model": "south.migrationhistory", "fields": {"applied": "2013-01-08T05:17:15.912", "app_name": "cms", "migration": "0036_auto__add_field_cmsplugin_changed_date"}}, {"pk": 71, "model": "south.migrationhistory", "fields": {"applied": "2013-01-08T05:17:15.954", "app_name": "menus", "migration": "0001_initial"}}, {"pk": 72, "model": "south.migrationhistory", "fields": {"applied": "2013-01-08T05:17:15.994", "app_name": "text", "migration": "0006_2_1_4_upgrade"}}, {"pk": 73, "model": "south.migrationhistory", "fields": {"applied": "2013-01-08T05:17:16.034", "app_name": "picture", "migration": "0008_longdesc_added"}}, {"pk": 74, "model": "south.migrationhistory", "fields": {"applied": "2013-01-08T05:17:16.078", "app_name": "link", "migration": "0008_mailto"}}, {"pk": 75, "model": "south.migrationhistory", "fields": {"applied": "2013-01-08T05:17:16.081", "app_name": "link", "migration": "0009_add_target"}}, {"pk": 76, "model": "south.migrationhistory", "fields": {"applied": "2013-01-08T05:17:16.169", "app_name": "snippet", "migration": "0005_template_added"}}, {"pk": 77, "model": "south.migrationhistory", "fields": {"applied": "2013-01-08T05:17:16.215", "app_name": "googlemap", "migration": "0007_latlng"}}, {"pk": 78, "model": "south.migrationhistory", "fields": {"applied": "2013-01-08T05:17:16.218", "app_name": "googlemap", "migration": "0008_routeplaner"}}, {"pk": 79, "model": "south.migrationhistory", "fields": {"applied": "2013-01-08T05:17:16.221", "app_name": "googlemap", "migration": "0009_routeplaner_title"}}, {"pk": 80, "model": "south.migrationhistory", "fields": {"applied": "2013-01-08T05:17:16.224", "app_name": "googlemap", "migration": "0010_auto__chg_field_googlemap_content"}}, {"pk": 81, "model": "south.migrationhistory", "fields": {"applied": "2013-01-08T05:17:16.227", "app_name": "googlemap", "migration": "0011_remove_zoom_null_values"}}, {"pk": 82, "model": "south.migrationhistory", "fields": {"applied": "2013-01-08T05:17:16.230", "app_name": "googlemap", "migration": "0012_auto__add_field_googlemap_width__add_field_googlemap_height__chg_field"}}, {"pk": 83, "model": "south.migrationhistory", "fields": {"applied": "2013-01-09T10:20:02.429", "app_name": "products", "migration": "0001_initial"}}, {"pk": 84, "model": "south.migrationhistory", "fields": {"applied": "2013-01-09T11:23:27.053", "app_name": "products", "migration": "0002_initial"}}, {"pk": 85, "model": "south.migrationhistory", "fields": {"applied": "2013-01-30T11:23:34.541", "app_name": "products", "migration": "0003_auto__add_producttype"}}, {"pk": 86, "model": "south.migrationhistory", "fields": {"applied": "2013-01-30T11:49:17.320", "app_name": "products", "migration": "0004_auto__add_category__add_field_product_type__add_field_product_category"}}, {"pk": 87, "model": "south.migrationhistory", "fields": {"applied": "2013-01-30T12:08:31.616", "app_name": "products", "migration": "0005_auto__add_field_category_product_type__del_field_product_type"}}, {"pk": 88, "model": "south.migrationhistory", "fields": {"applied": "2013-01-30T12:27:38.794", "app_name": "products", "migration": "0006_auto__del_field_producttype_name__add_field_producttype_name_el__add_f"}}, {"pk": 89, "model": "south.migrationhistory", "fields": {"applied": "2013-01-30T12:41:55.576", "app_name": "products", "migration": "0007_auto__del_field_producttype_name_zh_tw__del_field_producttype_name_fr_"}}, {"pk": 90, "model": "south.migrationhistory", "fields": {"applied": "2013-01-30T12:54:45.162", "app_name": "products", "migration": "0008_auto__add_field_producttype_name_en__add_field_producttype_name_tr__ad"}}, {"pk": 91, "model": "south.migrationhistory", "fields": {"applied": "2013-01-30T12:59:27.236", "app_name": "products", "migration": "0009_auto__add_field_category_name_en__add_field_category_name_tr__add_fiel"}}, {"pk": 92, "model": "south.migrationhistory", "fields": {"applied": "2013-01-30T13:09:23.459", "app_name": "products", "migration": "0010_auto__add_field_category_parent__add_field_category_lft__add_field_cat"}}, {"pk": 93, "model": "south.migrationhistory", "fields": {"applied": "2013-01-30T16:04:53.191", "app_name": "products", "migration": "0011_auto__add_field_producttype_slug"}}, {"pk": 94, "model": "south.migrationhistory", "fields": {"applied": "2013-01-30T10:28:26.928", "app_name": "products", "migration": "0012_auto__add_field_category_position"}}, {"pk": 95, "model": "south.migrationhistory", "fields": {"applied": "2013-01-31T10:04:28.465", "app_name": "products", "migration": "0013_auto__add_field_product_engine__add_field_product_type__add_field_prod"}}, {"pk": 96, "model": "south.migrationhistory", "fields": {"applied": "2013-01-31T10:44:46.050", "app_name": "products", "migration": "0014_auto__del_brand__del_field_product_brand"}}, {"pk": 97, "model": "south.migrationhistory", "fields": {"applied": "2013-01-31T11:11:20.939", "app_name": "products", "migration": "0015_auto__add_field_product_oem"}}, {"pk": 98, "model": "south.migrationhistory", "fields": {"applied": "2013-01-31T11:13:05.255", "app_name": "products", "migration": "0016_auto__add_field_product_image"}}, {"pk": 99, "model": "south.migrationhistory", "fields": {"applied": "2013-01-31T11:48:53.460", "app_name": "products", "migration": "0017_auto__chg_field_category_name__chg_field_category_name_de__chg_field_c"}}, {"pk": 100, "model": "south.migrationhistory", "fields": {"applied": "2013-01-31T12:06:45.980", "app_name": "products", "migration": "0018_auto__add_field_producttype_slug"}}, {"pk": 101, "model": "south.migrationhistory", "fields": {"applied": "2013-02-04T06:03:09.696", "app_name": "guest", "migration": "0001_initial"}}, {"pk": 102, "model": "south.migrationhistory", "fields": {"applied": "2013-02-04T10:19:14.320", "app_name": "search", "migration": "0001_initial"}}, {"pk": 103, "model": "south.migrationhistory", "fields": {"applied": "2013-02-05T09:11:58.784", "app_name": "form_designer", "migration": "0001_initial"}}, {"pk": 104, "model": "south.migrationhistory", "fields": {"applied": "2013-02-05T09:11:58.804", "app_name": "form_designer", "migration": "0002_auto__chg_field_formdefinitionfield_initial"}}, {"pk": 105, "model": "south.migrationhistory", "fields": {"applied": "2013-02-05T09:11:58.824", "app_name": "form_designer", "migration": "0003_auto__add_field_formdefinition_display_logged"}}, {"pk": 106, "model": "south.migrationhistory", "fields": {"applied": "2013-02-05T09:11:58.845", "app_name": "form_designer", "migration": "0004_auto__add_field_formdefinition_body"}}, {"pk": 107, "model": "south.migrationhistory", "fields": {"applied": "2013-02-05T09:11:58.895", "app_name": "form_designer", "migration": "0005_auto__add_field_formdefinition_require_hash__add_field_formdefinition_"}}, {"pk": 108, "model": "south.migrationhistory", "fields": {"applied": "2013-02-05T09:11:58.917", "app_name": "form_designer", "migration": "0006_auto__add_field_formdefinition_save_uploaded_files"}}, {"pk": 109, "model": "south.migrationhistory", "fields": {"applied": "2013-02-05T09:11:58.939", "app_name": "form_designer", "migration": "0007_auto__add_field_formdefinition_mail_uploaded_files"}}, {"pk": 110, "model": "south.migrationhistory", "fields": {"applied": "2013-02-05T09:39:32.368", "app_name": "form_designer", "migration": "0008_auto__add_formvalue__del_field_formlog_data__add_field_formlog_created"}}, {"pk": 111, "model": "south.migrationhistory", "fields": {"applied": "2013-02-06T02:27:27.149", "app_name": "cmsplugin_yandexmap", "migration": "0001_initial"}}, {"pk": 112, "model": "south.migrationhistory", "fields": {"applied": "2013-02-06T03:56:52.684", "app_name": "products", "migration": "0019_auto__add_field_category_meta_keywords__add_field_category_meta_descri"}}, {"pk": 113, "model": "south.migrationhistory", "fields": {"applied": "2013-02-06T04:09:41.175", "app_name": "products", "migration": "0020_auto__add_field_category_meta_keywords_en__add_field_category_meta_key"}}, {"pk": 1, "model": "text.text", "fields": {"body": "<h1>Home Page</h1><p><img alt=\"File - istanbul-005.jpg\" id=\"plugin_obj_8\" src=\"/static/cms/images/plugins/file.png\" title=\"File - istanbul-005.jpg\"></p><p><img id=\"plugin_obj_9\"></p>"}}, {"pk": 2, "model": "text.text", "fields": {"body": "<p>About us</p>"}}, {"pk": 4, "model": "text.text", "fields": {"body": "<p>Yaz\u0131 ekledik.</p>\n<table><tbody><tr><td>a</td></tr></tbody></table>"}}, {"pk": 11, "model": "text.text", "fields": {"body": "<p>Yeni yaz\u0131 alan\u0131 eklendiyor</p><h1>Ba\u015fl\u0131k</h1>"}}, {"pk": 12, "model": "text.text", "fields": {"body": "<h1>Anasayfa</h1>"}}, {"pk": 13, "model": "text.text", "fields": {"body": "<h1>Home Seite</h1>"}}, {"pk": 15, "model": "text.text", "fields": {"body": "<p>It is okay now.</p>"}}, {"pk": 16, "model": "text.text", "fields": {"body": "<h1>Hakk\u0131m\u0131zda</h1><p>YUKSEL firmas\u0131 1960 y\u0131l\u0131nda kurulan k\u00f6kl\u00fc bir firmad\u0131r. Otomotiv sanayi i\u00e7in su pompas\u0131, ya\u011f pompas\u0131, manifold ve daha bir\u00e7ok par\u00e7alar\u0131 m\u00fc\u015fterinin istedi\u011fi sipari\u015fe g\u00f6re yapmaktad\u0131r. Bug\u00fcn Ortado\u011fu\u2019da pompa konusunda hemen hemen e\u015fi olmayan bir kurulu\u015ftur. Fabrikam\u0131z \u0131stanbuldan 120 km uzakl\u0131kta olup \u00c7orlu - Tekirda\u011f\u2019da kurulmu\u015ftur.\u0131malat\u0131m\u0131zda 400 \u00e7e\u015fit devirdaim pompas\u0131 bulunup; a\u011f\u0131r vas\u0131talar, yol makinalar\u0131 ve forklift a\u011f\u0131rl\u0131kl\u0131d\u0131r. \u00dcr\u00fcnlerimizde en son teknoloji kullan\u0131lmaktad\u0131r. Kullan\u0131lan bilya ve ke\u00e7e d\u00fcnya \u00e7ap\u0131nda tan\u0131nm\u0131\u015f ve O.E.M. \u2018e i\u015f yapan firmalardan temin edilmektedir. \u0130malat esnas\u0131nda her bir par\u00e7an\u0131n tek tek kontrol\u00fc yap\u0131l\u0131p, montajdan sonra da her bir pompaya hava testi uygulanmaktad\u0131r. Firmam\u0131z\u0131n merkezi Taksim\u2019de olup bir kat\u0131 250m2 olan 11 katl\u0131 kendi binas\u0131ndad\u0131r.\u00a0 Ayr\u0131ca Ankara, Mersin, \u0130zmir\u2019de \u015fubeleri bulunmaktad\u0131r. Her konuda g\u00f6r\u00fc\u015fme istendi\u011finde firmam\u0131z\u0131 araman\u0131zdan memnunluk duyaca\u011f\u0131m\u0131z\u0131 belirtiriz.<strong><br><br><br>Y\u00dcKSEL OTOMOT\u0130V<br>GENEL M\u00dcD\u00dcR</strong></p><p><strong><img alt=\"Resim - 1_2.jpg\" id=\"plugin_obj_68\" src=\"/static/cms/images/plugins/image.png\" title=\"Resim - 1_2.jpg\"><img alt=\"Resim - 8_1.jpg\" id=\"plugin_obj_69\" src=\"/static/cms/images/plugins/image.png\" title=\"Resim - 8_1.jpg\"><img alt=\"Resim - 2_1.jpg\" id=\"plugin_obj_70\" src=\"/static/cms/images/plugins/image.png\" title=\"Resim - 2_1.jpg\"><img alt=\"Resim - 3_1.jpg\" id=\"plugin_obj_71\" src=\"/static/cms/images/plugins/image.png\" title=\"Resim - 3_1.jpg\"><img alt=\"Resim - 4_1.jpg\" id=\"plugin_obj_72\" src=\"/static/cms/images/plugins/image.png\" title=\"Resim - 4_1.jpg\"><img alt=\"Resim - 5_1.jpg\" id=\"plugin_obj_73\" src=\"/static/cms/images/plugins/image.png\" title=\"Resim - 5_1.jpg\"><img alt=\"Resim - 6_1.jpg\" id=\"plugin_obj_74\" src=\"/static/cms/images/plugins/image.png\" title=\"Resim - 6_1.jpg\"><img alt=\"Resim - 7_1.jpg\" id=\"plugin_obj_75\" src=\"/static/cms/images/plugins/image.png\" title=\"Resim - 7_1.jpg\"></strong></p>"}}, {"pk": 17, "model": "text.text", "fields": {"body": "<h1>Welcome</h1>"}}, {"pk": 18, "model": "text.text", "fields": {"body": "<h1>Ho\u015fgeldiniz</h1><p>Bu bizim ilk sayfam\u0131z</p>"}}, {"pk": 19, "model": "text.text", "fields": {"body": "<h1>Willkomen</h1>"}}, {"pk": 20, "model": "text.text", "fields": {"body": "<h1>About us</h1>"}}, {"pk": 21, "model": "text.text", "fields": {"body": "<h1>\u00dcber Uns</h1>"}}, {"pk": 22, "model": "text.text", "fields": {"body": ""}}, {"pk": 23, "model": "text.text", "fields": {"body": ""}}, {"pk": 30, "model": "text.text", "fields": {"body": "<span>Y\u00fcksel Automotive, deneyimli kadrosu, kaliteden \u00f6d\u00fcn vermeyen hizmet anlay\u0131\u015f\u0131, \u00fcretimde kulland\u0131\u011f\u0131 ileri teknoloji ve yenilik\u00e7i yap\u0131s\u0131yla otomotiv sanayisinde de\u011fer katan, sekt\u00f6r\u00fcn \u00f6nc\u00fc firmas\u0131 olmaya devam edecektir.</span>"}}, {"pk": 31, "model": "text.text", "fields": {"body": "<p>Y\u00fcksel Automotive m\u00fc\u015fterisine kendi fabrikalar\u0131nda \u00fcretti\u011fi Otomotiv sanayi i\u00e7in su pompas\u0131, ya\u011f pompas\u0131, manifold ve daha bir\u00e7ok par\u00e7a \u00e7e\u015fitlili\u011fiyle OE kalitesinde ve uzun servis s\u00fcresi garantisi ile hizmet vermektedir.</p>\n                    <p>Y\u00fcksel Automotive, deneyimli kadrosu, kaliteden \u00f6d\u00fcn vermeyen hizmet anlay\u0131\u015f\u0131, \u00fcretimde kulland\u0131\u011f\u0131 ileri teknoloji ve yenilik\u00e7i yap\u0131s\u0131yla otomotiv sanayisinde de\u011fer katan, sekt\u00f6r\u00fcn \u00f6nc\u00fc firmas\u0131 olmaya devam edecektir.</p>"}}, {"pk": 38, "model": "text.text", "fields": {"body": "<p>Y\u00fcksel Automotive m\u00fc\u015fterisine kendi fabrikalar\u0131nda \u00fcretti\u011fi Otomotiv sanayi i\u00e7in su pompas\u0131, ya\u011f pompas\u0131, manifold ve daha bir\u00e7ok par\u00e7a \u00e7e\u015fitlili\u011fiyle OE kalitesinde ve uzun servis s\u00fcresi garantisi ile hizmet vermektedir.</p>\n                    <p>Y\u00fcksel Automotive, deneyimli kadrosu, kaliteden \u00f6d\u00fcn vermeyen hizmet anlay\u0131\u015f\u0131, \u00fcretimde kulland\u0131\u011f\u0131 ileri teknoloji ve yenilik\u00e7i yap\u0131s\u0131yla otomotiv sanayisinde de\u011fer katan, sekt\u00f6r\u00fcn \u00f6nc\u00fc firmas\u0131 olmaya devam edecektir.</p>"}}, {"pk": 39, "model": "text.text", "fields": {"body": "<span>Y\u00fcksel Automotive, deneyimli kadrosu, kaliteden \u00f6d\u00fcn vermeyen hizmet anlay\u0131\u015f\u0131, \u00fcretimde kulland\u0131\u011f\u0131 ileri teknoloji ve yenilik\u00e7i yap\u0131s\u0131yla otomotiv sanayisinde de\u011fer katan, sekt\u00f6r\u00fcn \u00f6nc\u00fc firmas\u0131 olmaya devam edecektir.</span>"}}, {"pk": 40, "model": "text.text", "fields": {"body": "<p>Y\u00fcksel Automotive m\u00fc\u015fterisine kendi fabrikalar\u0131nda \u00fcretti\u011fi Otomotiv sanayi i\u00e7in su pompas\u0131, ya\u011f pompas\u0131, manifold ve daha bir\u00e7ok par\u00e7a \u00e7e\u015fitlili\u011fiyle OE kalitesinde ve uzun servis s\u00fcresi garantisi ile hizmet vermektedir.</p>\n                    <p>Y\u00fcksel Automotive, deneyimli kadrosu, kaliteden \u00f6d\u00fcn vermeyen hizmet anlay\u0131\u015f\u0131, \u00fcretimde kulland\u0131\u011f\u0131 ileri teknoloji ve yenilik\u00e7i yap\u0131s\u0131yla otomotiv sanayisinde de\u011fer katan, sekt\u00f6r\u00fcn \u00f6nc\u00fc firmas\u0131 olmaya devam edecektir.</p>"}}, {"pk": 41, "model": "text.text", "fields": {"body": "<span>Y\u00fcksel Automotive, deneyimli kadrosu, kaliteden \u00f6d\u00fcn vermeyen hizmet anlay\u0131\u015f\u0131, \u00fcretimde kulland\u0131\u011f\u0131 ileri teknoloji ve yenilik\u00e7i yap\u0131s\u0131yla otomotiv sanayisinde de\u011fer katan, sekt\u00f6r\u00fcn \u00f6nc\u00fc firmas\u0131 olmaya devam edecektir.</span>"}}, {"pk": 42, "model": "text.text", "fields": {"body": "<p>Yeni metin</p>"}}, {"pk": 43, "model": "text.text", "fields": {"body": "<p>2. metin</p>"}}, {"pk": 44, "model": "text.text", "fields": {"body": "<p>Yeni metin</p>"}}, {"pk": 45, "model": "text.text", "fields": {"body": "<p>2. metin</p>"}}, {"pk": 46, "model": "text.text", "fields": {"body": "<p>Yeni metin</p>"}}, {"pk": 47, "model": "text.text", "fields": {"body": "<p>2. metin</p>"}}, {"pk": 52, "model": "text.text", "fields": {"body": ""}}, {"pk": 53, "model": "text.text", "fields": {"body": "<table border=\"0\" cellpadding=\"0\" cellspacing=\"0\" class=\"contact-tbl\">\n  <tbody><tr>\n    <th>ADRES</th>\n    <th> : </th>\n    <td>Taksim Caddesi No: 53 Taksim / \u0130stanbul - T\u00fcrkiye</td>\n  </tr>\n  <tr>\n    <th>TELEFON</th>\n    <th> : </th>\n    <td>(0212) 254 75 50 (pbx)</td>\n  </tr>\n  <tr>\n    <th>FAX</th>\n    <th> : </th>\n    <td>(0212) 250 50 58</td>\n  </tr>\n  <tr>\n    <th>E-MA\u0130L</th>\n    <th> : </th>\n    <td><a href=\"mailto:yuksel@yukselautomotive.com\">yuksel@yukselautomotive.com</a></td>\n  </tr>\n</tbody></table>"}}, {"pk": 76, "model": "text.text", "fields": {"body": "<img alt=\"Resim - image1.jpg\" id=\"plugin_obj_77\" src=\"/static/cms/images/plugins/image.png\" title=\"Resim - image1.jpg\">"}}, {"pk": 5, "model": "picture.picture", "fields": {"url": "", "image": "cms_page_media/5/tr.png", "float": null, "page_link": null, "alt": "", "longdesc": ""}}, {"pk": 68, "model": "picture.picture", "fields": {"url": "", "image": "cms_page_media/2/1_2.jpg", "float": null, "page_link": null, "alt": "", "longdesc": ""}}, {"pk": 69, "model": "picture.picture", "fields": {"url": "", "image": "cms_page_media/2/8_1.jpg", "float": null, "page_link": null, "alt": "", "longdesc": ""}}, {"pk": 70, "model": "picture.picture", "fields": {"url": "", "image": "cms_page_media/2/2_1.jpg", "float": null, "page_link": null, "alt": "", "longdesc": ""}}, {"pk": 71, "model": "picture.picture", "fields": {"url": "", "image": "cms_page_media/2/3_1.jpg", "float": null, "page_link": null, "alt": "", "longdesc": ""}}, {"pk": 72, "model": "picture.picture", "fields": {"url": "", "image": "cms_page_media/2/4_1.jpg", "float": null, "page_link": null, "alt": "", "longdesc": ""}}, {"pk": 73, "model": "picture.picture", "fields": {"url": "", "image": "cms_page_media/2/5_1.jpg", "float": null, "page_link": null, "alt": "", "longdesc": ""}}, {"pk": 74, "model": "picture.picture", "fields": {"url": "", "image": "cms_page_media/2/6_1.jpg", "float": null, "page_link": null, "alt": "", "longdesc": ""}}, {"pk": 75, "model": "picture.picture", "fields": {"url": "", "image": "cms_page_media/2/7_1.jpg", "float": null, "page_link": null, "alt": "", "longdesc": ""}}, {"pk": 77, "model": "picture.picture", "fields": {"url": "", "image": "cms_page_media/10/image1.jpg", "float": null, "page_link": null, "alt": "", "longdesc": ""}}, {"pk": 8, "model": "file.file", "fields": {"file": "cms_page_media/1/istanbul-005.jpg", "title": ""}}, {"pk": 37, "model": "googlemap.googlemap", "fields": {"city": "Istanbul", "title": "", "zoom": 13, "zipcode": "34010", "content": "", "width": "100%", "route_planer_title": "Buraya en h\u0131zl\u0131 yolunu hesapla", "route_planer": false, "address": "Taksim Caddesi No: 53 Taksim", "lat": "41.039371", "lng": "28.983028", "height": "400px"}}, {"pk": 1, "model": "form_designer.formdefinition", "fields": {"save_uploaded_files": true, "message_template": "", "private_hash": "dd104073909acce691a3428a45a89ee9debca27a", "title": "", "mail_uploaded_files": false, "submit_label": "", "require_hash": false, "method": "POST", "success_message": "", "body": "", "success_redirect": true, "display_logged": false, "mail_to": "", "mail_subject": "", "success_clear": true, "public_hash": "86a22fed7325204f4ef8b8e57c3d46fd53f447df", "allow_get_initial": true, "mail_from": "", "name": "contact-form", "error_message": "", "log_data": true, "form_template_name": null, "action": ""}}, {"pk": 1, "model": "form_designer.formdefinitionfield", "fields": {"regex": "", "choice_values": "", "widget": null, "initial": "", "choice_labels": "", "name": "isim", "decimal_places": null, "min_length": null, "max_value": null, "choice_model_empty_label": "", "required": true, "form_definition": 1, "label": "\u0130sim", "max_length": null, "max_digits": null, "min_value": null, "help_text": "", "position": 1, "field_class": "django.forms.CharField", "choice_model": "", "include_result": true}}, {"pk": 2, "model": "form_designer.formdefinitionfield", "fields": {"regex": "", "choice_values": "", "widget": null, "initial": "", "choice_labels": "", "name": "Email", "decimal_places": null, "min_length": null, "max_value": null, "choice_model_empty_label": "", "required": true, "form_definition": 1, "label": "Email", "max_length": null, "max_digits": null, "min_value": null, "help_text": "", "position": 2, "field_class": "django.forms.EmailField", "choice_model": "", "include_result": true}}, {"pk": 1, "model": "form_designer.formvalue", "fields": {"form_log": 1, "field_name": "isim", "value": "Canbey Bilgili"}}, {"pk": 2, "model": "form_designer.formvalue", "fields": {"form_log": 1, "field_name": "Email", "value": "xanbei@gmail.com"}}, {"pk": 35, "model": "form_designer_form.cmsformdefinition", "fields": {"form_definition": 1}}, {"pk": 48, "model": "form_designer_form.cmsformdefinition", "fields": {"form_definition": 1}}, {"pk": 19, "model": "auth.permission", "fields": {"codename": "add_logentry", "name": "Can add log entry", "content_type": 7}}, {"pk": 20, "model": "auth.permission", "fields": {"codename": "change_logentry", "name": "Can change log entry", "content_type": 7}}, {"pk": 21, "model": "auth.permission", "fields": {"codename": "delete_logentry", "name": "Can delete log entry", "content_type": 7}}, {"pk": 4, "model": "auth.permission", "fields": {"codename": "add_group", "name": "Can add group", "content_type": 2}}, {"pk": 5, "model": "auth.permission", "fields": {"codename": "change_group", "name": "Can change group", "content_type": 2}}, {"pk": 6, "model": "auth.permission", "fields": {"codename": "delete_group", "name": "Can delete group", "content_type": 2}}, {"pk": 1, "model": "auth.permission", "fields": {"codename": "add_permission", "name": "Can add permission", "content_type": 1}}, {"pk": 2, "model": "auth.permission", "fields": {"codename": "change_permission", "name": "Can change permission", "content_type": 1}}, {"pk": 3, "model": "auth.permission", "fields": {"codename": "delete_permission", "name": "Can delete permission", "content_type": 1}}, {"pk": 7, "model": "auth.permission", "fields": {"codename": "add_user", "name": "Can add user", "content_type": 3}}, {"pk": 8, "model": "auth.permission", "fields": {"codename": "change_user", "name": "Can change user", "content_type": 3}}, {"pk": 9, "model": "auth.permission", "fields": {"codename": "delete_user", "name": "Can delete user", "content_type": 3}}, {"pk": 25, "model": "auth.permission", "fields": {"codename": "add_cmsplugin", "name": "Can add cms plugin", "content_type": 9}}, {"pk": 26, "model": "auth.permission", "fields": {"codename": "change_cmsplugin", "name": "Can change cms plugin", "content_type": 9}}, {"pk": 27, "model": "auth.permission", "fields": {"codename": "delete_cmsplugin", "name": "Can delete cms plugin", "content_type": 9}}, {"pk": 38, "model": "auth.permission", "fields": {"codename": "add_globalpagepermission", "name": "Can add Page global permission", "content_type": 13}}, {"pk": 39, "model": "auth.permission", "fields": {"codename": "change_globalpagepermission", "name": "Can change Page global permission", "content_type": 13}}, {"pk": 40, "model": "auth.permission", "fields": {"codename": "delete_globalpagepermission", "name": "Can delete Page global permission", "content_type": 13}}, {"pk": 28, "model": "auth.permission", "fields": {"codename": "add_page", "name": "Can add page", "content_type": 10}}, {"pk": 29, "model": "auth.permission", "fields": {"codename": "change_page", "name": "Can change page", "content_type": 10}}, {"pk": 30, "model": "auth.permission", "fields": {"codename": "delete_page", "name": "Can delete page", "content_type": 10}}, {"pk": 31, "model": "auth.permission", "fields": {"codename": "view_page", "name": "Can view page", "content_type": 10}}, {"pk": 32, "model": "auth.permission", "fields": {"codename": "add_pagemoderator", "name": "Can add PageModerator", "content_type": 11}}, {"pk": 33, "model": "auth.permission", "fields": {"codename": "change_pagemoderator", "name": "Can change PageModerator", "content_type": 11}}, {"pk": 34, "model": "auth.permission", "fields": {"codename": "delete_pagemoderator", "name": "Can delete PageModerator", "content_type": 11}}, {"pk": 35, "model": "auth.permission", "fields": {"codename": "add_pagemoderatorstate", "name": "Can add Page moderator state", "content_type": 12}}, {"pk": 36, "model": "auth.permission", "fields": {"codename": "change_pagemoderatorstate", "name": "Can change Page moderator state", "content_type": 12}}, {"pk": 37, "model": "auth.permission", "fields": {"codename": "delete_pagemoderatorstate", "name": "Can delete Page moderator state", "content_type": 12}}, {"pk": 41, "model": "auth.permission", "fields": {"codename": "add_pagepermission", "name": "Can add Page permission", "content_type": 14}}, {"pk": 42, "model": "auth.permission", "fields": {"codename": "change_pagepermission", "name": "Can change Page permission", "content_type": 14}}, {"pk": 43, "model": "auth.permission", "fields": {"codename": "delete_pagepermission", "name": "Can delete Page permission", "content_type": 14}}, {"pk": 44, "model": "auth.permission", "fields": {"codename": "add_pageuser", "name": "Can add User (page)", "content_type": 15}}, {"pk": 45, "model": "auth.permission", "fields": {"codename": "change_pageuser", "name": "Can change User (page)", "content_type": 15}}, {"pk": 46, "model": "auth.permission", "fields": {"codename": "delete_pageuser", "name": "Can delete User (page)", "content_type": 15}}, {"pk": 47, "model": "auth.permission", "fields": {"codename": "add_pageusergroup", "name": "Can add User group (page)", "content_type": 16}}, {"pk": 48, "model": "auth.permission", "fields": {"codename": "change_pageusergroup", "name": "Can change User group (page)", "content_type": 16}}, {"pk": 49, "model": "auth.permission", "fields": {"codename": "delete_pageusergroup", "name": "Can delete User group (page)", "content_type": 16}}, {"pk": 22, "model": "auth.permission", "fields": {"codename": "add_placeholder", "name": "Can add placeholder", "content_type": 8}}, {"pk": 23, "model": "auth.permission", "fields": {"codename": "change_placeholder", "name": "Can change placeholder", "content_type": 8}}, {"pk": 24, "model": "auth.permission", "fields": {"codename": "delete_placeholder", "name": "Can delete placeholder", "content_type": 8}}, {"pk": 50, "model": "auth.permission", "fields": {"codename": "add_title", "name": "Can add title", "content_type": 17}}, {"pk": 51, "model": "auth.permission", "fields": {"codename": "change_title", "name": "Can change title", "content_type": 17}}, {"pk": 52, "model": "auth.permission", "fields": {"codename": "delete_title", "name": "Can delete title", "content_type": 17}}, {"pk": 113, "model": "auth.permission", "fields": {"codename": "add_yandexmap", "name": "Can add yandex map", "content_type": 38}}, {"pk": 114, "model": "auth.permission", "fields": {"codename": "change_yandexmap", "name": "Can change yandex map", "content_type": 38}}, {"pk": 115, "model": "auth.permission", "fields": {"codename": "delete_yandexmap", "name": "Can delete yandex map", "content_type": 38}}, {"pk": 10, "model": "auth.permission", "fields": {"codename": "add_contenttype", "name": "Can add content type", "content_type": 4}}, {"pk": 11, "model": "auth.permission", "fields": {"codename": "change_contenttype", "name": "Can change content type", "content_type": 4}}, {"pk": 12, "model": "auth.permission", "fields": {"codename": "delete_contenttype", "name": "Can delete content type", "content_type": 4}}, {"pk": 68, "model": "auth.permission", "fields": {"codename": "add_file", "name": "Can add file", "content_type": 23}}, {"pk": 69, "model": "auth.permission", "fields": {"codename": "change_file", "name": "Can change file", "content_type": 23}}, {"pk": 70, "model": "auth.permission", "fields": {"codename": "delete_file", "name": "Can delete file", "content_type": 23}}, {"pk": 98, "model": "auth.permission", "fields": {"codename": "add_formdefinition", "name": "Can add Form", "content_type": 33}}, {"pk": 99, "model": "auth.permission", "fields": {"codename": "change_formdefinition", "name": "Can change Form", "content_type": 33}}, {"pk": 100, "model": "auth.permission", "fields": {"codename": "delete_formdefinition", "name": "Can delete Form", "content_type": 33}}, {"pk": 101, "model": "auth.permission", "fields": {"codename": "add_formdefinitionfield", "name": "Can add field", "content_type": 34}}, {"pk": 102, "model": "auth.permission", "fields": {"codename": "change_formdefinitionfield", "name": "Can change field", "content_type": 34}}, {"pk": 103, "model": "auth.permission", "fields": {"codename": "delete_formdefinitionfield", "name": "Can delete field", "content_type": 34}}, {"pk": 104, "model": "auth.permission", "fields": {"codename": "add_formlog", "name": "Can add form log", "content_type": 35}}, {"pk": 105, "model": "auth.permission", "fields": {"codename": "change_formlog", "name": "Can change form log", "content_type": 35}}, {"pk": 106, "model": "auth.permission", "fields": {"codename": "delete_formlog", "name": "Can delete form log", "content_type": 35}}, {"pk": 107, "model": "auth.permission", "fields": {"codename": "add_formvalue", "name": "Can add form value", "content_type": 36}}, {"pk": 108, "model": "auth.permission", "fields": {"codename": "change_formvalue", "name": "Can change form value", "content_type": 36}}, {"pk": 109, "model": "auth.permission", "fields": {"codename": "delete_formvalue", "name": "Can delete form value", "content_type": 36}}, {"pk": 110, "model": "auth.permission", "fields": {"codename": "add_cmsformdefinition", "name": "Can add cms form definition", "content_type": 37}}, {"pk": 111, "model": "auth.permission", "fields": {"codename": "change_cmsformdefinition", "name": "Can change cms form definition", "content_type": 37}}, {"pk": 112, "model": "auth.permission", "fields": {"codename": "delete_cmsformdefinition", "name": "Can delete cms form definition", "content_type": 37}}, {"pk": 77, "model": "auth.permission", "fields": {"codename": "add_googlemap", "name": "Can add google map", "content_type": 26}}, {"pk": 78, "model": "auth.permission", "fields": {"codename": "change_googlemap", "name": "Can change google map", "content_type": 26}}, {"pk": 79, "model": "auth.permission", "fields": {"codename": "delete_googlemap", "name": "Can delete google map", "content_type": 26}}, {"pk": 95, "model": "auth.permission", "fields": {"codename": "add_hello", "name": "Can add hello", "content_type": 32}}, {"pk": 96, "model": "auth.permission", "fields": {"codename": "change_hello", "name": "Can change hello", "content_type": 32}}, {"pk": 97, "model": "auth.permission", "fields": {"codename": "delete_hello", "name": "Can delete hello", "content_type": 32}}, {"pk": 65, "model": "auth.permission", "fields": {"codename": "add_link", "name": "Can add link", "content_type": 22}}, {"pk": 66, "model": "auth.permission", "fields": {"codename": "change_link", "name": "Can change link", "content_type": 22}}, {"pk": 67, "model": "auth.permission", "fields": {"codename": "delete_link", "name": "Can delete link", "content_type": 22}}, {"pk": 53, "model": "auth.permission", "fields": {"codename": "add_cachekey", "name": "Can add cache key", "content_type": 18}}, {"pk": 54, "model": "auth.permission", "fields": {"codename": "change_cachekey", "name": "Can change cache key", "content_type": 18}}, {"pk": 55, "model": "auth.permission", "fields": {"codename": "delete_cachekey", "name": "Can delete cache key", "content_type": 18}}, {"pk": 62, "model": "auth.permission", "fields": {"codename": "add_picture", "name": "Can add picture", "content_type": 21}}, {"pk": 63, "model": "auth.permission", "fields": {"codename": "change_picture", "name": "Can change picture", "content_type": 21}}, {"pk": 64, "model": "auth.permission", "fields": {"codename": "delete_picture", "name": "Can delete picture", "content_type": 21}}, {"pk": 92, "model": "auth.permission", "fields": {"codename": "add_category", "name": "Can add category", "content_type": 31}}, {"pk": 93, "model": "auth.permission", "fields": {"codename": "change_category", "name": "Can change category", "content_type": 31}}, {"pk": 94, "model": "auth.permission", "fields": {"codename": "delete_category", "name": "Can delete category", "content_type": 31}}, {"pk": 86, "model": "auth.permission", "fields": {"codename": "add_product", "name": "Can add product", "content_type": 29}}, {"pk": 87, "model": "auth.permission", "fields": {"codename": "change_product", "name": "Can change product", "content_type": 29}}, {"pk": 88, "model": "auth.permission", "fields": {"codename": "delete_product", "name": "Can delete product", "content_type": 29}}, {"pk": 89, "model": "auth.permission", "fields": {"codename": "add_producttype", "name": "Can add product type", "content_type": 30}}, {"pk": 90, "model": "auth.permission", "fields": {"codename": "change_producttype", "name": "Can change product type", "content_type": 30}}, {"pk": 91, "model": "auth.permission", "fields": {"codename": "delete_producttype", "name": "Can delete product type", "content_type": 30}}, {"pk": 13, "model": "auth.permission", "fields": {"codename": "add_session", "name": "Can add session", "content_type": 5}}, {"pk": 14, "model": "auth.permission", "fields": {"codename": "change_session", "name": "Can change session", "content_type": 5}}, {"pk": 15, "model": "auth.permission", "fields": {"codename": "delete_session", "name": "Can delete session", "content_type": 5}}, {"pk": 16, "model": "auth.permission", "fields": {"codename": "add_site", "name": "Can add site", "content_type": 6}}, {"pk": 17, "model": "auth.permission", "fields": {"codename": "change_site", "name": "Can change site", "content_type": 6}}, {"pk": 18, "model": "auth.permission", "fields": {"codename": "delete_site", "name": "Can delete site", "content_type": 6}}, {"pk": 71, "model": "auth.permission", "fields": {"codename": "add_snippet", "name": "Can add Snippet", "content_type": 24}}, {"pk": 72, "model": "auth.permission", "fields": {"codename": "change_snippet", "name": "Can change Snippet", "content_type": 24}}, {"pk": 73, "model": "auth.permission", "fields": {"codename": "delete_snippet", "name": "Can delete Snippet", "content_type": 24}}, {"pk": 74, "model": "auth.permission", "fields": {"codename": "add_snippetptr", "name": "Can add Snippet", "content_type": 25}}, {"pk": 75, "model": "auth.permission", "fields": {"codename": "change_snippetptr", "name": "Can change Snippet", "content_type": 25}}, {"pk": 76, "model": "auth.permission", "fields": {"codename": "delete_snippetptr", "name": "Can delete Snippet", "content_type": 25}}, {"pk": 56, "model": "auth.permission", "fields": {"codename": "add_migrationhistory", "name": "Can add migration history", "content_type": 19}}, {"pk": 57, "model": "auth.permission", "fields": {"codename": "change_migrationhistory", "name": "Can change migration history", "content_type": 19}}, {"pk": 58, "model": "auth.permission", "fields": {"codename": "delete_migrationhistory", "name": "Can delete migration history", "content_type": 19}}, {"pk": 59, "model": "auth.permission", "fields": {"codename": "add_text", "name": "Can add text", "content_type": 20}}, {"pk": 60, "model": "auth.permission", "fields": {"codename": "change_text", "name": "Can change text", "content_type": 20}}, {"pk": 61, "model": "auth.permission", "fields": {"codename": "delete_text", "name": "Can delete text", "content_type": 20}}, {"pk": 1, "model": "auth.user", "fields": {"username": "admin", "first_name": "Canbey", "last_name": "Bilgili", "is_active": true, "is_superuser": true, "is_staff": true, "last_login": "2013-02-08T01:44:29.279", "groups": [], "user_permissions": [], "password": "pbkdf2_sha256$10000$y8Q1dOzsZy6Q$fMY4zDXPpBHMeYbc2bH2VvpRGRh6HirZ6YO99x+LdIw=", "email": "cbilgili@gmail.com", "date_joined": "2013-01-08T05:17:00"}}, {"pk": 191, "model": "admin.logentry", "fields": {"action_flag": 2, "action_time": "2013-02-08T06:24:31.212", "object_repr": "IIMPORT PRODUKTEN", "object_id": "6", "change_message": "title, language ve moderator_state de\u011fi\u015ftirildi.", "user": 1, "content_type": 10}}, {"pk": 190, "model": "admin.logentry", "fields": {"action_flag": 2, "action_time": "2013-02-08T02:00:11.191", "object_repr": "OPERATIONS", "object_id": "9", "change_message": "language ve moderator_state de\u011fi\u015ftirildi.", "user": 1, "content_type": 10}}, {"pk": 189, "model": "admin.logentry", "fields": {"action_flag": 2, "action_time": "2013-02-08T02:00:10.150", "object_repr": "FAAL\u0130YETLER", "object_id": "9", "change_message": "title, slug, language ve moderator_state de\u011fi\u015ftirildi.", "user": 1, "content_type": 10}}, {"pk": 188, "model": "admin.logentry", "fields": {"action_flag": 2, "action_time": "2013-02-08T01:59:46.822", "object_repr": "FAAL\u0130YETLER", "object_id": "9", "change_message": "title, slug, language ve moderator_state de\u011fi\u015ftirildi.", "user": 1, "content_type": 10}}, {"pk": 187, "model": "admin.logentry", "fields": {"action_flag": 2, "action_time": "2013-02-08T01:59:24.600", "object_repr": "CERTIFICATES", "object_id": "10", "change_message": "title, slug, language ve moderator_state de\u011fi\u015ftirildi.", "user": 1, "content_type": 10}}, {"pk": 186, "model": "admin.logentry", "fields": {"action_flag": 2, "action_time": "2013-02-08T01:58:47.475", "object_repr": "SERT\u0130F\u0130KALAR", "object_id": "10", "change_message": "title, slug, language ve moderator_state de\u011fi\u015ftirildi.", "user": 1, "content_type": 10}}, {"pk": 185, "model": "admin.logentry", "fields": {"action_flag": 2, "action_time": "2013-02-08T01:58:09.857", "object_repr": "IK", "object_id": "11", "change_message": "language ve moderator_state de\u011fi\u015ftirildi.", "user": 1, "content_type": 10}}, {"pk": 184, "model": "admin.logentry", "fields": {"action_flag": 2, "action_time": "2013-02-08T01:58:02.763", "object_repr": "IK", "object_id": "11", "change_message": "title, slug, language ve moderator_state de\u011fi\u015ftirildi.", "user": 1, "content_type": 10}}, {"pk": 183, "model": "admin.logentry", "fields": {"action_flag": 2, "action_time": "2013-02-08T01:57:55.126", "object_repr": "\u0130K", "object_id": "11", "change_message": "title, slug, language ve moderator_state de\u011fi\u015ftirildi.", "user": 1, "content_type": 10}}, {"pk": 182, "model": "admin.logentry", "fields": {"action_flag": 1, "action_time": "2013-02-08T01:57:24.204", "object_repr": "\u0130K", "object_id": "11", "change_message": "", "user": 1, "content_type": 10}}, {"pk": 181, "model": "admin.logentry", "fields": {"action_flag": 2, "action_time": "2013-02-08T01:53:28.276", "object_repr": "SERT\u0130F\u0130KALAR", "object_id": "10", "change_message": "moderator_state de\u011fi\u015ftirildi.", "user": 1, "content_type": 10}}, {"pk": 180, "model": "admin.logentry", "fields": {"action_flag": 1, "action_time": "2013-02-08T01:52:11.359", "object_repr": "SERT\u0130F\u0130KALAR", "object_id": "10", "change_message": "", "user": 1, "content_type": 10}}, {"pk": 179, "model": "admin.logentry", "fields": {"action_flag": 1, "action_time": "2013-02-08T01:51:42.410", "object_repr": "FAAL\u0130YETLER", "object_id": "9", "change_message": "", "user": 1, "content_type": 10}}, {"pk": 178, "model": "admin.logentry", "fields": {"action_flag": 2, "action_time": "2013-02-08T01:51:03.832", "object_repr": "CONTACT", "object_id": "5", "change_message": "language ve moderator_state de\u011fi\u015ftirildi.", "user": 1, "content_type": 10}}, {"pk": 177, "model": "admin.logentry", "fields": {"action_flag": 2, "action_time": "2013-02-08T01:50:57.254", "object_repr": "CONTACT", "object_id": "5", "change_message": "title, slug, language ve moderator_state de\u011fi\u015ftirildi.", "user": 1, "content_type": 10}}, {"pk": 176, "model": "admin.logentry", "fields": {"action_flag": 2, "action_time": "2013-02-08T01:50:29.965", "object_repr": "Contact", "object_id": "5", "change_message": "title, language ve moderator_state de\u011fi\u015ftirildi.", "user": 1, "content_type": 10}}, {"pk": 175, "model": "admin.logentry", "fields": {"action_flag": 2, "action_time": "2013-02-08T01:50:19.344", "object_repr": "\u0130leti\u015fim", "object_id": "5", "change_message": "title ve moderator_state de\u011fi\u015ftirildi.", "user": 1, "content_type": 10}}, {"pk": 174, "model": "admin.logentry", "fields": {"action_flag": 2, "action_time": "2013-02-08T01:50:06.392", "object_repr": "REQUEST", "object_id": "8", "change_message": "language ve moderator_state de\u011fi\u015ftirildi.", "user": 1, "content_type": 10}}, {"pk": 173, "model": "admin.logentry", "fields": {"action_flag": 2, "action_time": "2013-02-08T01:50:03.759", "object_repr": "Request", "object_id": "8", "change_message": "title, language ve moderator_state de\u011fi\u015ftirildi.", "user": 1, "content_type": 10}}, {"pk": 172, "model": "admin.logentry", "fields": {"action_flag": 2, "action_time": "2013-02-08T01:49:55.481", "object_repr": "Request", "object_id": "8", "change_message": "title, language ve moderator_state de\u011fi\u015ftirildi.", "user": 1, "content_type": 10}}, {"pk": 171, "model": "admin.logentry", "fields": {"action_flag": 2, "action_time": "2013-02-08T01:49:43.834", "object_repr": "Fiyat Talep Formu", "object_id": "8", "change_message": "title ve moderator_state de\u011fi\u015ftirildi.", "user": 1, "content_type": 10}}, {"pk": 170, "model": "admin.logentry", "fields": {"action_flag": 2, "action_time": "2013-02-08T01:49:09.773", "object_repr": "About us", "object_id": "2", "change_message": "title, language ve moderator_state de\u011fi\u015ftirildi.", "user": 1, "content_type": 10}}, {"pk": 169, "model": "admin.logentry", "fields": {"action_flag": 2, "action_time": "2013-02-08T01:48:59.551", "object_repr": "\u00dcber Uns", "object_id": "2", "change_message": "title, language ve moderator_state de\u011fi\u015ftirildi.", "user": 1, "content_type": 10}}, {"pk": 168, "model": "admin.logentry", "fields": {"action_flag": 2, "action_time": "2013-02-08T01:48:50.470", "object_repr": "Hakk\u0131m\u0131zda", "object_id": "2", "change_message": "title ve moderator_state de\u011fi\u015ftirildi.", "user": 1, "content_type": 10}}, {"pk": 167, "model": "admin.logentry", "fields": {"action_flag": 2, "action_time": "2013-02-08T01:48:38.778", "object_repr": "Import Produkten", "object_id": "6", "change_message": "title, language ve moderator_state de\u011fi\u015ftirildi.", "user": 1, "content_type": 10}}, {"pk": 166, "model": "admin.logentry", "fields": {"action_flag": 2, "action_time": "2013-02-08T01:48:20.458", "object_repr": "Import Products", "object_id": "6", "change_message": "title, language ve moderator_state de\u011fi\u015ftirildi.", "user": 1, "content_type": 10}}, {"pk": 165, "model": "admin.logentry", "fields": {"action_flag": 2, "action_time": "2013-02-08T01:47:46.937", "object_repr": "\u0130thal \u00dcr\u00fcnler", "object_id": "6", "change_message": "title ve moderator_state de\u011fi\u015ftirildi.", "user": 1, "content_type": 10}}, {"pk": 164, "model": "admin.logentry", "fields": {"action_flag": 2, "action_time": "2013-02-08T01:47:33.670", "object_repr": "SU POMPALARI", "object_id": "7", "change_message": "moderator_state de\u011fi\u015ftirildi.", "user": 1, "content_type": 10}}, {"pk": 163, "model": "admin.logentry", "fields": {"action_flag": 2, "action_time": "2013-02-08T01:47:29.799", "object_repr": "Wasser Pumpen", "object_id": "7", "change_message": "title, language ve moderator_state de\u011fi\u015ftirildi.", "user": 1, "content_type": 10}}, {"pk": 162, "model": "admin.logentry", "fields": {"action_flag": 2, "action_time": "2013-02-08T01:47:14.812", "object_repr": "WATERr PUMPS", "object_id": "7", "change_message": "title, language ve moderator_state de\u011fi\u015ftirildi.", "user": 1, "content_type": 10}}, {"pk": 161, "model": "admin.logentry", "fields": {"action_flag": 2, "action_time": "2013-02-08T01:47:06.590", "object_repr": "Water Pumps", "object_id": "7", "change_message": "title, language ve moderator_state de\u011fi\u015ftirildi.", "user": 1, "content_type": 10}}, {"pk": 160, "model": "admin.logentry", "fields": {"action_flag": 2, "action_time": "2013-02-08T01:46:52.229", "object_repr": "Su Pompalar\u0131", "object_id": "7", "change_message": "title ve moderator_state de\u011fi\u015ftirildi.", "user": 1, "content_type": 10}}, {"pk": 159, "model": "admin.logentry", "fields": {"action_flag": 2, "action_time": "2013-02-08T01:46:20.976", "object_repr": "HOME", "object_id": "1", "change_message": "language ve moderator_state de\u011fi\u015ftirildi.", "user": 1, "content_type": 10}}, {"pk": 158, "model": "admin.logentry", "fields": {"action_flag": 2, "action_time": "2013-02-08T01:46:11.248", "object_repr": "Home", "object_id": "1", "change_message": "title, language ve moderator_state de\u011fi\u015ftirildi.", "user": 1, "content_type": 10}}, {"pk": 157, "model": "admin.logentry", "fields": {"action_flag": 2, "action_time": "2013-02-08T01:46:04.602", "object_repr": "Home", "object_id": "1", "change_message": "title, language ve moderator_state de\u011fi\u015ftirildi.", "user": 1, "content_type": 10}}, {"pk": 156, "model": "admin.logentry", "fields": {"action_flag": 2, "action_time": "2013-02-08T01:45:55.686", "object_repr": "Ana sayfa", "object_id": "1", "change_message": "title ve moderator_state de\u011fi\u015ftirildi.", "user": 1, "content_type": 10}}, {"pk": 155, "model": "admin.logentry", "fields": {"action_flag": 2, "action_time": "2013-02-07T10:38:06.058", "object_repr": "Request", "object_id": "8", "change_message": "Changed language and moderator_state.", "user": 1, "content_type": 10}}, {"pk": 154, "model": "admin.logentry", "fields": {"action_flag": 2, "action_time": "2013-02-07T10:37:53.202", "object_repr": "Request", "object_id": "8", "change_message": "Changed moderator_state.", "user": 1, "content_type": 10}}, {"pk": 153, "model": "admin.logentry", "fields": {"action_flag": 2, "action_time": "2013-02-07T10:36:00.620", "object_repr": "Request", "object_id": "8", "change_message": "title, slug, language ve moderator_state de\u011fi\u015ftirildi.", "user": 1, "content_type": 10}}, {"pk": 152, "model": "admin.logentry", "fields": {"action_flag": 2, "action_time": "2013-02-07T10:35:56.291", "object_repr": "Fiyat Talep Formu", "object_id": "8", "change_message": "title, slug, language ve moderator_state de\u011fi\u015ftirildi.", "user": 1, "content_type": 10}}, {"pk": 151, "model": "admin.logentry", "fields": {"action_flag": 1, "action_time": "2013-02-07T10:35:32.022", "object_repr": "Fiyat Talep Formu", "object_id": "8", "change_message": "", "user": 1, "content_type": 10}}, {"pk": 150, "model": "admin.logentry", "fields": {"action_flag": 2, "action_time": "2013-02-06T06:08:11.680", "object_repr": "Ford Transit", "object_id": "3", "change_message": "Changed meta_keywords_tr, meta_description_en, meta_description_tr and meta_description_de.", "user": 1, "content_type": 31}}, {"pk": 149, "model": "admin.logentry", "fields": {"action_flag": 2, "action_time": "2013-02-06T04:17:03.609", "object_repr": "G\u00fczel araba modeli", "object_id": "2", "change_message": "Changed meta_keywords_tr and meta_description_tr.", "user": 1, "content_type": 29}}, {"pk": 148, "model": "admin.logentry", "fields": {"action_flag": 2, "action_time": "2013-02-06T03:44:57.621", "object_repr": "Hakk\u0131m\u0131zda", "object_id": "2", "change_message": "Changed page_title, meta_description, meta_keywords, language and moderator_state.", "user": 1, "content_type": 10}}, {"pk": 147, "model": "admin.logentry", "fields": {"action_flag": 2, "action_time": "2013-02-06T02:50:45.754", "object_repr": "Home", "object_id": "1", "change_message": "language ve moderator_state de\u011fi\u015ftirildi.", "user": 1, "content_type": 10}}, {"pk": 146, "model": "admin.logentry", "fields": {"action_flag": 2, "action_time": "2013-02-06T02:50:34.323", "object_repr": "Home", "object_id": "1", "change_message": "language ve moderator_state de\u011fi\u015ftirildi.", "user": 1, "content_type": 10}}, {"pk": 145, "model": "admin.logentry", "fields": {"action_flag": 2, "action_time": "2013-02-06T02:50:01.762", "object_repr": "\u0130leti\u015fim", "object_id": "5", "change_message": "moderator_state de\u011fi\u015ftirildi.", "user": 1, "content_type": 10}}, {"pk": 144, "model": "admin.logentry", "fields": {"action_flag": 2, "action_time": "2013-02-05T09:47:05.276", "object_repr": "contact-form", "object_id": "1", "change_message": "Changed label for field \"\u0130sim\".", "user": 1, "content_type": 33}}, {"pk": 143, "model": "admin.logentry", "fields": {"action_flag": 1, "action_time": "2013-02-05T09:45:45.749", "object_repr": "contact-form", "object_id": "1", "change_message": "", "user": 1, "content_type": 33}}, {"pk": 142, "model": "admin.logentry", "fields": {"action_flag": 2, "action_time": "2013-02-05T08:40:32.441", "object_repr": "Yeni Araba Modeli", "object_id": "1", "change_message": "Changed category.", "user": 1, "content_type": 29}}, {"pk": 141, "model": "admin.logentry", "fields": {"action_flag": 2, "action_time": "2013-02-05T08:28:18.655", "object_repr": "Yeni Araba Modeli", "object_id": "1", "change_message": "Changed oem.", "user": 1, "content_type": 29}}, {"pk": 140, "model": "admin.logentry", "fields": {"action_flag": 2, "action_time": "2013-02-05T08:06:35.766", "object_repr": "G\u00fczel araba modeli", "object_id": "2", "change_message": "Changed oem.", "user": 1, "content_type": 29}}, {"pk": 139, "model": "admin.logentry", "fields": {"action_flag": 2, "action_time": "2013-02-04T05:59:10.060", "object_repr": "admin", "object_id": "1", "change_message": "password, first_name ve last_name de\u011fi\u015ftirildi.", "user": 1, "content_type": 3}}, {"pk": 138, "model": "admin.logentry", "fields": {"action_flag": 2, "action_time": "2013-02-02T06:27:02.496", "object_repr": "Su Pompalar\u0131", "object_id": "7", "change_message": "moderator_state de\u011fi\u015ftirildi.", "user": 1, "content_type": 10}}, {"pk": 137, "model": "admin.logentry", "fields": {"action_flag": 2, "action_time": "2013-02-02T06:26:52.246", "object_repr": "Wasser Pumpen", "object_id": "7", "change_message": "application_urls, language ve moderator_state de\u011fi\u015ftirildi.", "user": 1, "content_type": 10}}, {"pk": 136, "model": "admin.logentry", "fields": {"action_flag": 2, "action_time": "2013-02-02T06:26:43.781", "object_repr": "Su Pompalar\u0131", "object_id": "7", "change_message": "application_urls ve moderator_state de\u011fi\u015ftirildi.", "user": 1, "content_type": 10}}, {"pk": 135, "model": "admin.logentry", "fields": {"action_flag": 2, "action_time": "2013-02-02T06:24:13.783", "object_repr": "Su Pompalar\u0131", "object_id": "7", "change_message": "template ve moderator_state de\u011fi\u015ftirildi.", "user": 1, "content_type": 10}}, {"pk": 134, "model": "admin.logentry", "fields": {"action_flag": 2, "action_time": "2013-02-02T06:19:25.211", "object_repr": "\u0130thal \u00dcr\u00fcnler", "object_id": "6", "change_message": "moderator_state de\u011fi\u015ftirildi.", "user": 1, "content_type": 10}}, {"pk": 133, "model": "admin.logentry", "fields": {"action_flag": 2, "action_time": "2013-02-02T06:15:25.749", "object_repr": "\u0130thal \u00dcr\u00fcnler", "object_id": "6", "change_message": "reverse_id ve moderator_state de\u011fi\u015ftirildi.", "user": 1, "content_type": 10}}, {"pk": 132, "model": "admin.logentry", "fields": {"action_flag": 2, "action_time": "2013-02-02T06:01:21.948", "object_repr": "Su Pompalar\u0131", "object_id": "7", "change_message": "reverse_id ve moderator_state de\u011fi\u015ftirildi.", "user": 1, "content_type": 10}}, {"pk": 131, "model": "admin.logentry", "fields": {"action_flag": 2, "action_time": "2013-02-02T05:55:25.326", "object_repr": "Import Products", "object_id": "6", "change_message": "overwrite_url, language ve moderator_state de\u011fi\u015ftirildi.", "user": 1, "content_type": 10}}, {"pk": 130, "model": "admin.logentry", "fields": {"action_flag": 2, "action_time": "2013-02-02T05:55:18.244", "object_repr": "\u0130thal \u00dcr\u00fcnler", "object_id": "6", "change_message": "overwrite_url ve moderator_state de\u011fi\u015ftirildi.", "user": 1, "content_type": 10}}, {"pk": 129, "model": "admin.logentry", "fields": {"action_flag": 2, "action_time": "2013-02-02T05:55:11.807", "object_repr": "Import Produkten", "object_id": "6", "change_message": "overwrite_url, language ve moderator_state de\u011fi\u015ftirildi.", "user": 1, "content_type": 10}}, {"pk": 128, "model": "admin.logentry", "fields": {"action_flag": 2, "action_time": "2013-02-02T05:54:59.752", "object_repr": "\u0130thal \u00dcr\u00fcnler", "object_id": "6", "change_message": "reverse_id ve moderator_state de\u011fi\u015ftirildi.", "user": 1, "content_type": 10}}, {"pk": 127, "model": "admin.logentry", "fields": {"action_flag": 2, "action_time": "2013-02-02T05:49:45.355", "object_repr": "Import Products", "object_id": "6", "change_message": "overwrite_url, language ve moderator_state de\u011fi\u015ftirildi.", "user": 1, "content_type": 10}}, {"pk": 126, "model": "admin.logentry", "fields": {"action_flag": 2, "action_time": "2013-02-02T05:49:37.153", "object_repr": "\u0130thal \u00dcr\u00fcnler", "object_id": "6", "change_message": "overwrite_url ve moderator_state de\u011fi\u015ftirildi.", "user": 1, "content_type": 10}}, {"pk": 125, "model": "admin.logentry", "fields": {"action_flag": 2, "action_time": "2013-02-02T05:49:28.516", "object_repr": "Import Produkten", "object_id": "6", "change_message": "overwrite_url, language ve moderator_state de\u011fi\u015ftirildi.", "user": 1, "content_type": 10}}, {"pk": 124, "model": "admin.logentry", "fields": {"action_flag": 2, "action_time": "2013-02-02T05:48:43.611", "object_repr": "Produkten", "object_id": "6", "change_message": "title, language ve moderator_state de\u011fi\u015ftirildi.", "user": 1, "content_type": 10}}, {"pk": 123, "model": "admin.logentry", "fields": {"action_flag": 2, "action_time": "2013-02-02T05:48:01.444", "object_repr": "Products", "object_id": "6", "change_message": "title, language ve moderator_state de\u011fi\u015ftirildi.", "user": 1, "content_type": 10}}, {"pk": 122, "model": "admin.logentry", "fields": {"action_flag": 2, "action_time": "2013-02-02T05:47:49.456", "object_repr": "\u00dcr\u00fcnler", "object_id": "6", "change_message": "title ve moderator_state de\u011fi\u015ftirildi.", "user": 1, "content_type": 10}}, {"pk": 121, "model": "admin.logentry", "fields": {"action_flag": 2, "action_time": "2013-02-01T05:23:55.191", "object_repr": "Yeni Araba Modeli", "object_id": "1", "change_message": "image de\u011fi\u015ftirildi.", "user": 1, "content_type": 29}}, {"pk": 120, "model": "admin.logentry", "fields": {"action_flag": 2, "action_time": "2013-01-31T12:07:51.457", "object_repr": "Su Pompalar\u0131", "object_id": "2", "change_message": "slug de\u011fi\u015ftirildi.", "user": 1, "content_type": 30}}, {"pk": 119, "model": "admin.logentry", "fields": {"action_flag": 2, "action_time": "2013-01-31T12:07:46.060", "object_repr": "\u0130thal \u00dcr\u00fcnler", "object_id": "1", "change_message": "slug de\u011fi\u015ftirildi.", "user": 1, "content_type": 30}}, {"pk": 118, "model": "admin.logentry", "fields": {"action_flag": 2, "action_time": "2013-01-31T11:56:19.790", "object_repr": "\u00dcr\u00fcnler", "object_id": "6", "change_message": "overwrite_url ve moderator_state de\u011fi\u015ftirildi.", "user": 1, "content_type": 10}}, {"pk": 117, "model": "admin.logentry", "fields": {"action_flag": 2, "action_time": "2013-01-31T11:55:50.297", "object_repr": "\u00dcr\u00fcnler", "object_id": "6", "change_message": "overwrite_url ve moderator_state de\u011fi\u015ftirildi.", "user": 1, "content_type": 10}}, {"pk": 116, "model": "admin.logentry", "fields": {"action_flag": 2, "action_time": "2013-01-31T11:49:10.217", "object_repr": "KAMYON - TREYLER - OTOB\u00dcS - T\u0130CAR\u0130 - END\u00dcSTR\u0130YEL MOTOR", "object_id": "7", "change_message": "name, name_en, name_tr ve name_de de\u011fi\u015ftirildi.", "user": 1, "content_type": 31}}, {"pk": 115, "model": "admin.logentry", "fields": {"action_flag": 1, "action_time": "2013-01-31T11:48:16.230", "object_repr": "ALLIS CHALMERS", "object_id": "11", "change_message": "", "user": 1, "content_type": 31}}, {"pk": 114, "model": "admin.logentry", "fields": {"action_flag": 1, "action_time": "2013-01-31T11:47:50.678", "object_repr": "TRAKT\u00d6R - B\u0130\u00c7ERD\u00d6VER", "object_id": "10", "change_message": "", "user": 1, "content_type": 31}}, {"pk": 113, "model": "admin.logentry", "fields": {"action_flag": 1, "action_time": "2013-01-31T11:47:04.272", "object_repr": "CUMMINS", "object_id": "9", "change_message": "", "user": 1, "content_type": 31}}, {"pk": 112, "model": "admin.logentry", "fields": {"action_flag": 1, "action_time": "2013-01-31T11:46:48.032", "object_repr": "BEDFORD", "object_id": "8", "change_message": "", "user": 1, "content_type": 31}}, {"pk": 111, "model": "admin.logentry", "fields": {"action_flag": 1, "action_time": "2013-01-31T11:46:26.071", "object_repr": "KAMYON - TREYLER - OTOB\u00dcS - T\u0130CAR\u0130 - END\u00dcSTR\u0130YEL M", "object_id": "7", "change_message": "", "user": 1, "content_type": 31}}, {"pk": 110, "model": "admin.logentry", "fields": {"action_flag": 2, "action_time": "2013-01-31T11:16:10.250", "object_repr": "G\u00fczel araba modeli", "object_id": "2", "change_message": "image de\u011fi\u015ftirildi.", "user": 1, "content_type": 29}}, {"pk": 109, "model": "admin.logentry", "fields": {"action_flag": 1, "action_time": "2013-01-31T10:48:34.271", "object_repr": "Mitsubishi", "object_id": "6", "change_message": "", "user": 1, "content_type": 31}}, {"pk": 108, "model": "admin.logentry", "fields": {"action_flag": 2, "action_time": "2013-01-31T10:48:04.196", "object_repr": "Debriyaj Disk ve Bask\u0131lar\u0131", "object_id": "1", "change_message": "Hi\u00e7bir alan de\u011fi\u015ftirilmedi.", "user": 1, "content_type": 31}}, {"pk": 107, "model": "admin.logentry", "fields": {"action_flag": 2, "action_time": "2013-01-31T10:47:57.865", "object_repr": "Fren Disk ve Sa\u00e7lar\u0131", "object_id": "2", "change_message": "position de\u011fi\u015ftirildi.", "user": 1, "content_type": 31}}, {"pk": 106, "model": "admin.logentry", "fields": {"action_flag": 2, "action_time": "2013-01-31T10:47:39.372", "object_repr": "Ford Trakt\u00f6r", "object_id": "4", "change_message": "parent de\u011fi\u015ftirildi.", "user": 1, "content_type": 31}}, {"pk": 105, "model": "admin.logentry", "fields": {"action_flag": 2, "action_time": "2013-01-31T10:47:14.158", "object_repr": "Ford Transit", "object_id": "3", "change_message": "Hi\u00e7bir alan de\u011fi\u015ftirilmedi.", "user": 1, "content_type": 31}}, {"pk": 104, "model": "admin.logentry", "fields": {"action_flag": 2, "action_time": "2013-01-31T10:47:05.913", "object_repr": "Ford Transit", "object_id": "3", "change_message": "parent de\u011fi\u015ftirildi.", "user": 1, "content_type": 31}}, {"pk": 103, "model": "admin.logentry", "fields": {"action_flag": 1, "action_time": "2013-01-31T10:46:40.788", "object_repr": "ISUZU", "object_id": "5", "change_message": "", "user": 1, "content_type": 31}}, {"pk": 102, "model": "admin.logentry", "fields": {"action_flag": 2, "action_time": "2013-01-31T10:46:05.538", "object_repr": "Debriyaj Disk ve Bask\u0131lar\u0131", "object_id": "1", "change_message": "name ve name_tr de\u011fi\u015ftirildi.", "user": 1, "content_type": 31}}, {"pk": 101, "model": "admin.logentry", "fields": {"action_flag": 2, "action_time": "2013-01-30T08:26:29.090", "object_repr": "G\u00fczel araba modeli", "object_id": "2", "change_message": "No fields changed.", "user": 1, "content_type": 29}}, {"pk": 100, "model": "admin.logentry", "fields": {"action_flag": 2, "action_time": "2013-01-30T08:26:25.693", "object_repr": "Yeni Araba Modeli", "object_id": "1", "change_message": "Changed category.", "user": 1, "content_type": 29}}, {"pk": 99, "model": "admin.logentry", "fields": {"action_flag": 2, "action_time": "2013-01-30T08:26:21.573", "object_repr": "G\u00fczel araba modeli", "object_id": "2", "change_message": "Changed category.", "user": 1, "content_type": 29}}, {"pk": 98, "model": "admin.logentry", "fields": {"action_flag": 2, "action_time": "2013-01-30T08:26:17.964", "object_repr": "Yeni Araba Modeli", "object_id": "1", "change_message": "Changed category.", "user": 1, "content_type": 29}}, {"pk": 97, "model": "admin.logentry", "fields": {"action_flag": 2, "action_time": "2013-01-30T08:26:13.521", "object_repr": "G\u00fczel araba modeli", "object_id": "2", "change_message": "No fields changed.", "user": 1, "content_type": 29}}, {"pk": 96, "model": "admin.logentry", "fields": {"action_flag": 2, "action_time": "2013-01-30T08:25:01.769", "object_repr": "Ford Trucktor", "object_id": "4", "change_message": "Changed parent.", "user": 1, "content_type": 31}}, {"pk": 95, "model": "admin.logentry", "fields": {"action_flag": 1, "action_time": "2013-01-30T07:27:50.088", "object_repr": "Ford Trucktor", "object_id": "4", "change_message": "", "user": 1, "content_type": 31}}, {"pk": 94, "model": "admin.logentry", "fields": {"action_flag": 2, "action_time": "2013-01-30T07:13:55.902", "object_repr": "Brake", "object_id": "2", "change_message": "No fields changed.", "user": 1, "content_type": 31}}, {"pk": 93, "model": "admin.logentry", "fields": {"action_flag": 2, "action_time": "2013-01-30T07:13:53.010", "object_repr": "Clutch", "object_id": "1", "change_message": "No fields changed.", "user": 1, "content_type": 31}}, {"pk": 92, "model": "admin.logentry", "fields": {"action_flag": 1, "action_time": "2013-01-30T07:10:09.222", "object_repr": "Ford Transit", "object_id": "3", "change_message": "", "user": 1, "content_type": 31}}, {"pk": 91, "model": "admin.logentry", "fields": {"action_flag": 2, "action_time": "2013-01-30T07:02:01.063", "object_repr": "Yeni Araba Modeli", "object_id": "1", "change_message": "Changed category.", "user": 1, "content_type": 29}}, {"pk": 90, "model": "admin.logentry", "fields": {"action_flag": 2, "action_time": "2013-01-30T07:01:57.767", "object_repr": "G\u00fczel araba modeli", "object_id": "2", "change_message": "Changed category.", "user": 1, "content_type": 29}}, {"pk": 89, "model": "admin.logentry", "fields": {"action_flag": 1, "action_time": "2013-01-30T07:01:49.597", "object_repr": "Brake", "object_id": "2", "change_message": "", "user": 1, "content_type": 31}}, {"pk": 88, "model": "admin.logentry", "fields": {"action_flag": 1, "action_time": "2013-01-30T07:01:17.074", "object_repr": "Clutch", "object_id": "1", "change_message": "", "user": 1, "content_type": 31}}, {"pk": 87, "model": "admin.logentry", "fields": {"action_flag": 1, "action_time": "2013-01-30T06:56:00.396", "object_repr": "Water Pumps", "object_id": "2", "change_message": "", "user": 1, "content_type": 30}}, {"pk": 86, "model": "admin.logentry", "fields": {"action_flag": 2, "action_time": "2013-01-30T06:55:39.886", "object_repr": "Import Products", "object_id": "1", "change_message": "Changed name.", "user": 1, "content_type": 30}}, {"pk": 85, "model": "admin.logentry", "fields": {"action_flag": 1, "action_time": "2013-01-30T06:55:33.147", "object_repr": "Import Products", "object_id": "1", "change_message": "", "user": 1, "content_type": 30}}, {"pk": 84, "model": "admin.logentry", "fields": {"action_flag": 3, "action_time": "2013-01-30T06:55:11.569", "object_repr": "None", "object_id": "1", "change_message": "", "user": 1, "content_type": 30}}, {"pk": 83, "model": "admin.logentry", "fields": {"action_flag": 3, "action_time": "2013-01-30T06:55:11.567", "object_repr": "None", "object_id": "2", "change_message": "", "user": 1, "content_type": 30}}, {"pk": 82, "model": "admin.logentry", "fields": {"action_flag": 1, "action_time": "2013-01-30T05:56:41.252", "object_repr": "\u0130thal \u00dcr\u00fcnler", "object_id": "2", "change_message": "", "user": 1, "content_type": 30}}, {"pk": 81, "model": "admin.logentry", "fields": {"action_flag": 1, "action_time": "2013-01-30T05:54:01.579", "object_repr": "Su Pompalar\u0131", "object_id": "1", "change_message": "", "user": 1, "content_type": 30}}, {"pk": 80, "model": "admin.logentry", "fields": {"action_flag": 2, "action_time": "2013-01-30T04:17:25.814", "object_repr": "Products", "object_id": "6", "change_message": "Changed template and moderator_state.", "user": 1, "content_type": 10}}, {"pk": 79, "model": "admin.logentry", "fields": {"action_flag": 2, "action_time": "2013-01-30T04:17:20.820", "object_repr": "Products", "object_id": "6", "change_message": "Changed template and moderator_state.", "user": 1, "content_type": 10}}, {"pk": 78, "model": "admin.logentry", "fields": {"action_flag": 2, "action_time": "2013-01-30T04:17:15.969", "object_repr": "Water Pumps", "object_id": "7", "change_message": "Changed template and moderator_state.", "user": 1, "content_type": 10}}, {"pk": 77, "model": "admin.logentry", "fields": {"action_flag": 2, "action_time": "2013-01-30T04:16:57.928", "object_repr": "Water Pumps", "object_id": "7", "change_message": "Changed template and moderator_state.", "user": 1, "content_type": 10}}, {"pk": 76, "model": "admin.logentry", "fields": {"action_flag": 2, "action_time": "2013-01-30T04:15:00.834", "object_repr": "\u00dcr\u00fcnler", "object_id": "6", "change_message": "Changed language and moderator_state.", "user": 1, "content_type": 10}}, {"pk": 75, "model": "admin.logentry", "fields": {"action_flag": 2, "action_time": "2013-01-30T04:13:06.160", "object_repr": "Products", "object_id": "6", "change_message": "Changed template and moderator_state.", "user": 1, "content_type": 10}}, {"pk": 74, "model": "admin.logentry", "fields": {"action_flag": 2, "action_time": "2013-01-30T04:13:01.704", "object_repr": "Products", "object_id": "6", "change_message": "Changed template and moderator_state.", "user": 1, "content_type": 10}}, {"pk": 73, "model": "admin.logentry", "fields": {"action_flag": 2, "action_time": "2013-01-30T04:10:04.532", "object_repr": "Products", "object_id": "6", "change_message": "Changed template and moderator_state.", "user": 1, "content_type": 10}}, {"pk": 72, "model": "admin.logentry", "fields": {"action_flag": 2, "action_time": "2013-01-30T04:09:10.306", "object_repr": "Home", "object_id": "1", "change_message": "Changed template and moderator_state.", "user": 1, "content_type": 10}}, {"pk": 71, "model": "admin.logentry", "fields": {"action_flag": 2, "action_time": "2013-01-29T10:02:46.064", "object_repr": "Wasser Pumpen", "object_id": "7", "change_message": "Changed language and moderator_state.", "user": 1, "content_type": 10}}, {"pk": 70, "model": "admin.logentry", "fields": {"action_flag": 2, "action_time": "2013-01-29T10:02:36.839", "object_repr": "Water Pumps", "object_id": "7", "change_message": "Changed published, in_navigation, application_urls and moderator_state.", "user": 1, "content_type": 10}}, {"pk": 69, "model": "admin.logentry", "fields": {"action_flag": 2, "action_time": "2013-01-29T10:02:25.263", "object_repr": "Water Pumps", "object_id": "7", "change_message": "Changed title, slug, language and moderator_state.", "user": 1, "content_type": 10}}, {"pk": 68, "model": "admin.logentry", "fields": {"action_flag": 2, "action_time": "2013-01-29T10:02:17.036", "object_repr": "Water Pumps", "object_id": "7", "change_message": "Changed title, slug, language and moderator_state.", "user": 1, "content_type": 10}}, {"pk": 67, "model": "admin.logentry", "fields": {"action_flag": 1, "action_time": "2013-01-29T10:02:00.430", "object_repr": "Water Pumps", "object_id": "7", "change_message": "", "user": 1, "content_type": 10}}, {"pk": 66, "model": "admin.logentry", "fields": {"action_flag": 2, "action_time": "2013-01-29T09:46:13.071", "object_repr": "Products", "object_id": "6", "change_message": "Changed template and moderator_state.", "user": 1, "content_type": 10}}, {"pk": 65, "model": "admin.logentry", "fields": {"action_flag": 2, "action_time": "2013-01-29T09:46:10.941", "object_repr": "Contact", "object_id": "5", "change_message": "Changed template and moderator_state.", "user": 1, "content_type": 10}}, {"pk": 64, "model": "admin.logentry", "fields": {"action_flag": 2, "action_time": "2013-01-29T09:46:08.554", "object_repr": "Company Profile", "object_id": "4", "change_message": "Changed moderator_state.", "user": 1, "content_type": 10}}, {"pk": 63, "model": "admin.logentry", "fields": {"action_flag": 2, "action_time": "2013-01-29T09:46:06.207", "object_repr": "Who we are", "object_id": "3", "change_message": "Changed template and moderator_state.", "user": 1, "content_type": 10}}, {"pk": 62, "model": "admin.logentry", "fields": {"action_flag": 2, "action_time": "2013-01-29T09:46:03.274", "object_repr": "About us", "object_id": "2", "change_message": "Changed moderator_state.", "user": 1, "content_type": 10}}, {"pk": 61, "model": "admin.logentry", "fields": {"action_flag": 2, "action_time": "2013-01-29T08:47:05.501", "object_repr": "Home", "object_id": "1", "change_message": "Changed language and moderator_state.", "user": 1, "content_type": 10}}, {"pk": 60, "model": "admin.logentry", "fields": {"action_flag": 2, "action_time": "2013-01-29T08:47:00.623", "object_repr": "Home", "object_id": "1", "change_message": "Changed template and moderator_state.", "user": 1, "content_type": 10}}, {"pk": 59, "model": "admin.logentry", "fields": {"action_flag": 2, "action_time": "2013-01-29T08:44:01.279", "object_repr": "About us", "object_id": "2", "change_message": "Changed template and moderator_state.", "user": 1, "content_type": 10}}, {"pk": 58, "model": "admin.logentry", "fields": {"action_flag": 2, "action_time": "2013-01-29T07:30:04.740", "object_repr": "Who we are", "object_id": "3", "change_message": "Changed slug and moderator_state.", "user": 1, "content_type": 10}}, {"pk": 57, "model": "admin.logentry", "fields": {"action_flag": 2, "action_time": "2013-01-29T07:29:42.351", "object_repr": "About us", "object_id": "2", "change_message": "Changed slug and moderator_state.", "user": 1, "content_type": 10}}, {"pk": 56, "model": "admin.logentry", "fields": {"action_flag": 2, "action_time": "2013-01-29T07:29:35.061", "object_repr": "About us", "object_id": "2", "change_message": "Changed title, slug, language and moderator_state.", "user": 1, "content_type": 10}}, {"pk": 55, "model": "admin.logentry", "fields": {"action_flag": 2, "action_time": "2013-01-29T07:29:27.385", "object_repr": "About us", "object_id": "2", "change_message": "Changed slug and moderator_state.", "user": 1, "content_type": 10}}, {"pk": 54, "model": "admin.logentry", "fields": {"action_flag": 2, "action_time": "2013-01-29T07:18:49.179", "object_repr": "Products", "object_id": "6", "change_message": "Changed slug and moderator_state.", "user": 1, "content_type": 10}}, {"pk": 53, "model": "admin.logentry", "fields": {"action_flag": 2, "action_time": "2013-01-29T07:18:41.816", "object_repr": "Products", "object_id": "6", "change_message": "Changed title, slug, language and moderator_state.", "user": 1, "content_type": 10}}, {"pk": 52, "model": "admin.logentry", "fields": {"action_flag": 2, "action_time": "2013-01-29T07:13:21.146", "object_repr": "Home", "object_id": "1", "change_message": "Changed title, slug, language and moderator_state.", "user": 1, "content_type": 10}}, {"pk": 51, "model": "admin.logentry", "fields": {"action_flag": 2, "action_time": "2013-01-29T07:12:54.876", "object_repr": "Company Profile", "object_id": "4", "change_message": "Changed slug and moderator_state.", "user": 1, "content_type": 10}}, {"pk": 50, "model": "admin.logentry", "fields": {"action_flag": 2, "action_time": "2013-01-29T07:12:43.827", "object_repr": "Company Profile", "object_id": "4", "change_message": "Changed title, slug, language and moderator_state.", "user": 1, "content_type": 10}}, {"pk": 49, "model": "admin.logentry", "fields": {"action_flag": 2, "action_time": "2013-01-29T07:12:32.127", "object_repr": "Firma Profili", "object_id": "4", "change_message": "Changed title and moderator_state.", "user": 1, "content_type": 10}}, {"pk": 48, "model": "admin.logentry", "fields": {"action_flag": 2, "action_time": "2013-01-29T07:12:09.998", "object_repr": "Firma Profili", "object_id": "4", "change_message": "Changed title, slug, language and moderator_state.", "user": 1, "content_type": 10}}, {"pk": 47, "model": "admin.logentry", "fields": {"action_flag": 2, "action_time": "2013-01-29T04:47:02.987", "object_repr": "Ana sayfa", "object_id": "1", "change_message": "Changed language and moderator_state.", "user": 1, "content_type": 10}}, {"pk": 46, "model": "admin.logentry", "fields": {"action_flag": 2, "action_time": "2013-01-29T04:46:59.575", "object_repr": "Ana sayfa", "object_id": "1", "change_message": "Changed language and moderator_state.", "user": 1, "content_type": 10}}, {"pk": 45, "model": "admin.logentry", "fields": {"action_flag": 1, "action_time": "2013-01-11T08:56:11.183", "object_repr": "G\u00fczel araba modeli", "object_id": "2", "change_message": "", "user": 1, "content_type": 29}}, {"pk": 44, "model": "admin.logentry", "fields": {"action_flag": 1, "action_time": "2013-01-09T05:26:57.331", "object_repr": "Yeni Araba Modeli", "object_id": "1", "change_message": "", "user": 1, "content_type": 29}}, {"pk": 41, "model": "admin.logentry", "fields": {"action_flag": 1, "action_time": "2013-01-09T03:55:50.209", "object_repr": "Su Pompas\u0131", "object_id": "2", "change_message": "", "user": 1, "content_type": 29}}, {"pk": 40, "model": "admin.logentry", "fields": {"action_flag": 2, "action_time": "2013-01-09T03:50:55.151", "object_repr": "Products", "object_id": "6", "change_message": "Changed moderator_state.", "user": 1, "content_type": 10}}, {"pk": 39, "model": "admin.logentry", "fields": {"action_flag": 2, "action_time": "2013-01-09T03:50:45.748", "object_repr": "Products", "object_id": "6", "change_message": "Changed published and moderator_state.", "user": 1, "content_type": 10}}, {"pk": 38, "model": "admin.logentry", "fields": {"action_flag": 1, "action_time": "2013-01-09T03:30:15.307", "object_repr": "Yeni Araba", "object_id": "1", "change_message": "", "user": 1, "content_type": 29}}, {"pk": 32, "model": "admin.logentry", "fields": {"action_flag": 2, "action_time": "2013-01-08T09:17:26.358", "object_repr": "\u00dcr\u00fcnler", "object_id": "6", "change_message": "Changed application_urls, language and moderator_state.", "user": 1, "content_type": 10}}, {"pk": 31, "model": "admin.logentry", "fields": {"action_flag": 2, "action_time": "2013-01-08T09:17:20.643", "object_repr": "Products", "object_id": "6", "change_message": "Changed application_urls and moderator_state.", "user": 1, "content_type": 10}}, {"pk": 30, "model": "admin.logentry", "fields": {"action_flag": 2, "action_time": "2013-01-08T07:56:15.475", "object_repr": "Products", "object_id": "6", "change_message": "Changed title, slug, language and moderator_state.", "user": 1, "content_type": 10}}, {"pk": 29, "model": "admin.logentry", "fields": {"action_flag": 1, "action_time": "2013-01-08T07:56:06.222", "object_repr": "Products", "object_id": "6", "change_message": "", "user": 1, "content_type": 10}}, {"pk": 28, "model": "admin.logentry", "fields": {"action_flag": 2, "action_time": "2013-01-08T07:12:46.534", "object_repr": "Contact", "object_id": "5", "change_message": "Changed moderator_state.", "user": 1, "content_type": 10}}, {"pk": 27, "model": "admin.logentry", "fields": {"action_flag": 2, "action_time": "2013-01-08T07:10:40.550", "object_repr": "\u0130leti\u015fim", "object_id": "5", "change_message": "title, slug, language ve moderator_state de\u011fi\u015ftirildi.", "user": 1, "content_type": 10}}, {"pk": 26, "model": "admin.logentry", "fields": {"action_flag": 1, "action_time": "2013-01-08T07:10:34.231", "object_repr": "\u0130leti\u015fim", "object_id": "5", "change_message": "", "user": 1, "content_type": 10}}, {"pk": 25, "model": "admin.logentry", "fields": {"action_flag": 2, "action_time": "2013-01-08T06:56:18.350", "object_repr": "Biz ", "object_id": "3", "change_message": "title, language ve moderator_state de\u011fi\u015ftirildi.", "user": 1, "content_type": 10}}, {"pk": 24, "model": "admin.logentry", "fields": {"action_flag": 2, "action_time": "2013-01-08T06:56:03.465", "object_repr": "Who we are", "object_id": "3", "change_message": "title, slug, language ve moderator_state de\u011fi\u015ftirildi.", "user": 1, "content_type": 10}}, {"pk": 23, "model": "admin.logentry", "fields": {"action_flag": 2, "action_time": "2013-01-08T06:55:59.884", "object_repr": "Biz kimiz", "object_id": "3", "change_message": "title, slug, language ve moderator_state de\u011fi\u015ftirildi.", "user": 1, "content_type": 10}}, {"pk": 22, "model": "admin.logentry", "fields": {"action_flag": 2, "action_time": "2013-01-08T06:55:44.577", "object_repr": "Hakk\u0131m\u0131zda", "object_id": "2", "change_message": "language ve moderator_state de\u011fi\u015ftirildi.", "user": 1, "content_type": 10}}, {"pk": 21, "model": "admin.logentry", "fields": {"action_flag": 2, "action_time": "2013-01-08T06:55:42.987", "object_repr": "About us", "object_id": "2", "change_message": "title, slug, language ve moderator_state de\u011fi\u015ftirildi.", "user": 1, "content_type": 10}}, {"pk": 20, "model": "admin.logentry", "fields": {"action_flag": 2, "action_time": "2013-01-08T06:55:36.768", "object_repr": "Hakk\u0131m\u0131zda", "object_id": "2", "change_message": "title, slug, language ve moderator_state de\u011fi\u015ftirildi.", "user": 1, "content_type": 10}}, {"pk": 19, "model": "admin.logentry", "fields": {"action_flag": 2, "action_time": "2013-01-08T06:55:22.587", "object_repr": "Yeni \u0130\u00e7erik Sayfas\u0131", "object_id": "1", "change_message": "title, language ve moderator_state de\u011fi\u015ftirildi.", "user": 1, "content_type": 10}}, {"pk": 18, "model": "admin.logentry", "fields": {"action_flag": 2, "action_time": "2013-01-08T06:55:17.515", "object_repr": "Yeni \u0130\u00e7erik Sayfas\u0131", "object_id": "1", "change_message": "title, slug, language ve moderator_state de\u011fi\u015ftirildi.", "user": 1, "content_type": 10}}, {"pk": 17, "model": "admin.logentry", "fields": {"action_flag": 3, "action_time": "2013-01-08T06:55:01.354", "object_repr": "Anasayfa", "object_id": "5", "change_message": "", "user": 1, "content_type": 10}}, {"pk": 16, "model": "admin.logentry", "fields": {"action_flag": 2, "action_time": "2013-01-08T06:54:50.331", "object_repr": "Anasayfa", "object_id": "5", "change_message": "published, language ve moderator_state de\u011fi\u015ftirildi.", "user": 1, "content_type": 10}}, {"pk": 15, "model": "admin.logentry", "fields": {"action_flag": 1, "action_time": "2013-01-08T06:54:41.368", "object_repr": "Anasayfa", "object_id": "5", "change_message": "", "user": 1, "content_type": 10}}, {"pk": 14, "model": "admin.logentry", "fields": {"action_flag": 2, "action_time": "2013-01-08T06:53:45.103", "object_repr": "Hakk\u0131m\u0131zda", "object_id": "2", "change_message": "language ve moderator_state de\u011fi\u015ftirildi.", "user": 1, "content_type": 10}}, {"pk": 13, "model": "admin.logentry", "fields": {"action_flag": 1, "action_time": "2013-01-08T06:39:44.468", "object_repr": "Firma Profili", "object_id": "4", "change_message": "", "user": 1, "content_type": 10}}, {"pk": 12, "model": "admin.logentry", "fields": {"action_flag": 1, "action_time": "2013-01-08T06:39:32.803", "object_repr": "Biz kimiz", "object_id": "3", "change_message": "", "user": 1, "content_type": 10}}, {"pk": 11, "model": "admin.logentry", "fields": {"action_flag": 2, "action_time": "2013-01-08T06:27:32.701", "object_repr": "Yeni \u0130\u00e7erik Sayfas\u0131", "object_id": "1", "change_message": "Changed language and moderator_state.", "user": 1, "content_type": 10}}, {"pk": 10, "model": "admin.logentry", "fields": {"action_flag": 2, "action_time": "2013-01-08T06:27:27.611", "object_repr": "Yeni \u0130\u00e7erik Sayfas\u0131", "object_id": "1", "change_message": "Changed in_navigation, language and moderator_state.", "user": 1, "content_type": 10}}, {"pk": 9, "model": "admin.logentry", "fields": {"action_flag": 2, "action_time": "2013-01-08T05:50:09.797", "object_repr": "Yeni \u0130\u00e7erik Sayfas\u0131", "object_id": "1", "change_message": "Changed language and moderator_state.", "user": 1, "content_type": 10}}, {"pk": 8, "model": "admin.logentry", "fields": {"action_flag": 2, "action_time": "2013-01-08T05:49:59.466", "object_repr": "Hakk\u0131m\u0131zda", "object_id": "2", "change_message": "Changed language and moderator_state.", "user": 1, "content_type": 10}}, {"pk": 7, "model": "admin.logentry", "fields": {"action_flag": 2, "action_time": "2013-01-08T05:49:11.239", "object_repr": "Hakk\u0131m\u0131zda", "object_id": "2", "change_message": "Changed published, language and moderator_state.", "user": 1, "content_type": 10}}, {"pk": 6, "model": "admin.logentry", "fields": {"action_flag": 1, "action_time": "2013-01-08T05:49:05.954", "object_repr": "Hakk\u0131m\u0131zda", "object_id": "2", "change_message": "", "user": 1, "content_type": 10}}, {"pk": 5, "model": "admin.logentry", "fields": {"action_flag": 2, "action_time": "2013-01-08T05:47:19.145", "object_repr": "Yeni \u0130\u00e7erik Sayfas\u0131", "object_id": "1", "change_message": "Changed in_navigation, language and moderator_state.", "user": 1, "content_type": 10}}, {"pk": 4, "model": "admin.logentry", "fields": {"action_flag": 2, "action_time": "2013-01-08T05:46:35.124", "object_repr": "Yeni \u0130\u00e7erik Sayfas\u0131", "object_id": "1", "change_message": "Changed template, language and moderator_state.", "user": 1, "content_type": 10}}, {"pk": 3, "model": "admin.logentry", "fields": {"action_flag": 2, "action_time": "2013-01-08T05:43:37.462", "object_repr": "Yeni \u0130\u00e7erik Sayfas\u0131", "object_id": "1", "change_message": "Changed language and moderator_state.", "user": 1, "content_type": 10}}, {"pk": 2, "model": "admin.logentry", "fields": {"action_flag": 2, "action_time": "2013-01-08T05:43:04.199", "object_repr": "Yeni \u0130\u00e7erik Sayfas\u0131", "object_id": "1", "change_message": "Changed published, in_navigation, language and moderator_state.", "user": 1, "content_type": 10}}, {"pk": 1, "model": "admin.logentry", "fields": {"action_flag": 1, "action_time": "2013-01-08T05:42:44.178", "object_repr": "Yeni \u0130\u00e7erik Sayfas\u0131", "object_id": "1", "change_message": "", "user": 1, "content_type": 10}}, {"pk": 1, "model": "form_designer.formlog", "fields": {"form_definition": 1, "created_by": 1, "created": "2013-02-05T10:01:58.784"}}]